booking_id,passenger_id,flight_id,booking_date,status,passport_number,seat_number,emergency_contact_name,emergency_contact_phone,fk_flight_valid
B1000,MASKED,AI192,2025-06-14 11:37:36.951,CANCELLED,MASKED,3D,MASKED,MASKED,True
B1001,MASKED,6F026,2025-11-02 11:37:36.951,CANCELLED,MASKED,18A,MASKED,MASKED,True
B1002,MASKED,SJ010,2025-08-25 11:37:36.951,CANCELLED,MASKED,30C,MASKED,MASKED,True
B1003,MASKED,AI069,2025-12-30 11:37:36.951,CONFIRMED,MASKED,33A,MASKED,MASKED,True
B1004,MASKED,UK003,2025-10-02 11:37:36.951,PENDING,MASKED,25C,MASKED,MASKED,True
B1005,MASKED,AI048,2025-08-31 11:37:36.951,CONFIRMED,MASKED,13D,MASKED,MASKED,True
B1006,MASKED,AI140,2025-06-29 11:37:36.951,CANCELLED,MASKED,17F,MASKED,MASKED,True
B1007,MASKED,UK167,2026-03-12 11:37:36.951,CONFIRMED,MASKED,22E,MASKED,MASKED,True
B1008,MASKED,AI245,2025-09-07 11:37:36.951,PENDING,MASKED,34F,MASKED,MASKED,True
B1009,MASKED,SJ158,2025-04-28 11:37:36.951,CANCELLED,MASKED,33C,MASKED,MASKED,True
B1010,MASKED,AI155,2025-11-24 11:37:36.951,CONFIRMED,MASKED,15B,MASKED,MASKED,True
B1011,MASKED,AI179,2025-10-25 11:37:36.951,CONFIRMED,MASKED,22C,MASKED,MASKED,True
B1012,MASKED,AI137,2025-08-15 11:37:36.951,PENDING,MASKED,28B,MASKED,MASKED,True
B1013,MASKED,SJ001,2025-07-20 11:37:36.951,CONFIRMED,MASKED,26E,MASKED,MASKED,True
B1014,MASKED,SJ172,2025-09-15 11:37:36.951,PENDING,MASKED,21E,MASKED,MASKED,True
B1016,MASKED,UK027,2026-01-13 11:37:36.951,CANCELLED,MASKED,6A,MASKED,MASKED,True
B1017,MASKED,UK067,2026-04-04 11:37:36.951,CONFIRMED,MASKED,13B,MASKED,MASKED,True
B1018,MASKED,6F196,2026-03-25 11:37:36.951,CANCELLED,MASKED,19B,MASKED,MASKED,True
B1019,MASKED,6F164,2025-07-31 11:37:36.951,CANCELLED,MASKED,19A,MASKED,MASKED,True
B1020,MASKED,SJ112,2025-12-06 11:37:36.951,CONFIRMED,MASKED,27B,MASKED,MASKED,True
B1021,MASKED,6F190,2025-12-07 11:37:36.951,CANCELLED,MASKED,4E,MASKED,MASKED,True
B1022,MASKED,AI080,2026-03-25 11:37:36.951,CONFIRMED,MASKED,16F,MASKED,MASKED,True
B1023,MASKED,6F213,2026-02-03 11:37:36.951,PENDING,MASKED,24B,MASKED,MASKED,True
B1024,MASKED,AI115,2025-06-21 11:37:36.951,PENDING,MASKED,30F,MASKED,MASKED,True
B1025,MASKED,SJ049,2026-03-18 11:37:36.951,PENDING,MASKED,1B,MASKED,MASKED,True
B1026,MASKED,AI058,2025-06-27 11:37:36.951,CONFIRMED,MASKED,32C,MASKED,MASKED,True
B1027,MASKED,UK036,2025-07-25 11:37:36.951,CONFIRMED,MASKED,22A,MASKED,MASKED,True
B1028,MASKED,SJ239,2025-05-25 11:37:36.951,CANCELLED,MASKED,26E,MASKED,MASKED,True
B1029,MASKED,6F025,2025-06-06 11:37:36.951,CANCELLED,MASKED,19C,MASKED,MASKED,True
B1030,MASKED,6F236,2026-03-18 11:37:36.951,CANCELLED,MASKED,21E,MASKED,MASKED,True
B1031,MASKED,AI060,2025-11-16 11:37:36.951,CANCELLED,MASKED,1E,MASKED,MASKED,True
B1032,MASKED,UK021,2025-09-03 11:37:36.951,CANCELLED,MASKED,18E,MASKED,MASKED,True
B1034,MASKED,SJ179,2025-12-31 11:37:36.951,CONFIRMED,MASKED,22F,MASKED,MASKED,True
B1035,MASKED,6F251,2025-08-21 11:37:36.951,PENDING,MASKED,11D,MASKED,MASKED,True
B1036,MASKED,SJ149,2025-11-24 11:37:36.951,PENDING,MASKED,5B,MASKED,MASKED,True
B1037,MASKED,AI188,2026-03-20 11:37:36.951,PENDING,MASKED,33E,MASKED,MASKED,True
B1038,MASKED,SJ093,2026-01-01 11:37:36.951,PENDING,MASKED,12D,MASKED,MASKED,True
B1039,MASKED,SJ205,2025-08-21 11:37:36.951,CONFIRMED,MASKED,11E,MASKED,MASKED,True
B1040,MASKED,6F099,2025-08-08 11:37:36.951,CONFIRMED,MASKED,26B,MASKED,MASKED,True
B1041,MASKED,UK176,2025-05-28 11:37:36.951,CONFIRMED,MASKED,25C,MASKED,MASKED,True
B1042,MASKED,UK200,2025-12-02 11:37:36.951,CANCELLED,MASKED,24F,MASKED,MASKED,True
B1043,MASKED,6F195,2025-11-22 11:37:36.951,CANCELLED,MASKED,8E,MASKED,MASKED,True
B1044,MASKED,6F174,2026-04-12 11:37:36.951,PENDING,MASKED,16C,MASKED,MASKED,True
B1046,MASKED,UK059,2025-10-14 11:37:36.951,CONFIRMED,MASKED,2C,MASKED,MASKED,True
B1047,MASKED,6F151,2025-12-29 11:37:36.951,PENDING,MASKED,7C,MASKED,MASKED,True
B1048,MASKED,SJ236,2025-09-19 11:37:36.951,PENDING,MASKED,18C,MASKED,MASKED,True
B1050,MASKED,AI220,2026-01-15 11:37:36.951,PENDING,MASKED,7D,MASKED,MASKED,True
B1051,MASKED,6F028,2025-07-05 11:37:36.951,CANCELLED,MASKED,16A,MASKED,MASKED,True
B1052,MASKED,UK209,2025-12-30 11:37:36.951,CANCELLED,MASKED,33B,MASKED,MASKED,True
B1053,MASKED,UK216,2026-04-01 11:37:36.951,PENDING,MASKED,28B,MASKED,MASKED,True
B1054,MASKED,AI132,2026-04-11 11:37:36.951,CANCELLED,MASKED,19C,MASKED,MASKED,True
B1055,MASKED,6F012,2025-10-14 11:37:36.951,CANCELLED,MASKED,13F,MASKED,MASKED,True
B1056,MASKED,UK173,2026-03-24 11:37:36.951,CANCELLED,MASKED,15B,MASKED,MASKED,True
B1057,MASKED,SJ047,2025-08-20 11:37:36.951,CANCELLED,MASKED,14F,MASKED,MASKED,True
B1058,MASKED,SJ043,2025-12-07 11:37:36.951,PENDING,MASKED,8C,MASKED,MASKED,True
B1059,MASKED,UK140,2026-01-03 11:37:36.951,CONFIRMED,MASKED,23B,MASKED,MASKED,True
B1060,MASKED,6F086,2025-12-30 11:37:36.951,CONFIRMED,MASKED,11A,MASKED,MASKED,True
B1061,MASKED,6F114,2026-04-05 11:37:36.951,CANCELLED,MASKED,19C,MASKED,MASKED,True
B1062,MASKED,UK153,2025-06-12 11:37:36.951,CANCELLED,MASKED,15D,MASKED,MASKED,True
B1063,MASKED,6F149,2025-05-19 11:37:36.951,CANCELLED,MASKED,9A,MASKED,MASKED,True
B1064,MASKED,UK145,2025-09-14 11:37:36.951,CONFIRMED,MASKED,24E,MASKED,MASKED,True
B1065,MASKED,UK010,2026-03-06 11:37:36.951,CANCELLED,MASKED,7B,MASKED,MASKED,True
B1066,MASKED,SJ003,2025-11-05 11:37:36.951,PENDING,MASKED,1B,MASKED,MASKED,True
B1067,MASKED,SJ160,2025-07-23 11:37:36.951,PENDING,MASKED,7F,MASKED,MASKED,True
B1068,MASKED,UK224,2025-11-22 11:37:36.951,PENDING,MASKED,23A,MASKED,MASKED,True
B1069,MASKED,UK152,2025-08-02 11:37:36.951,CONFIRMED,MASKED,16E,MASKED,MASKED,True
B1070,MASKED,SJ034,2025-09-22 11:37:36.951,CANCELLED,MASKED,15D,MASKED,MASKED,True
B1071,MASKED,UK215,2025-12-21 11:37:36.951,CANCELLED,MASKED,15F,MASKED,MASKED,True
B1072,MASKED,UK089,2025-08-10 11:37:36.951,CANCELLED,MASKED,18F,MASKED,MASKED,True
B1073,MASKED,6F180,2025-12-04 11:37:36.951,CONFIRMED,MASKED,16A,MASKED,MASKED,True
B1074,MASKED,6F188,2025-09-25 11:37:36.951,CONFIRMED,MASKED,7A,MASKED,MASKED,True
B1075,MASKED,UK131,2026-01-03 11:37:36.951,CONFIRMED,MASKED,2F,MASKED,MASKED,True
B1076,MASKED,UK055,2025-05-04 11:37:36.951,CONFIRMED,MASKED,12B,MASKED,MASKED,True
B1077,MASKED,UK181,2025-05-03 11:37:36.951,PENDING,MASKED,3A,MASKED,MASKED,True
B1078,MASKED,6F077,2025-09-21 11:37:36.951,CONFIRMED,MASKED,1B,MASKED,MASKED,True
B1079,MASKED,SJ085,2025-06-03 11:37:36.951,CONFIRMED,MASKED,10D,MASKED,MASKED,True
B1080,MASKED,SJ023,2025-06-05 11:37:36.951,CONFIRMED,MASKED,22D,MASKED,MASKED,True
B1081,MASKED,SJ202,2025-11-13 11:37:36.951,CANCELLED,MASKED,29C,MASKED,MASKED,True
B1082,MASKED,SJ150,2025-09-09 11:37:36.951,CANCELLED,MASKED,30A,MASKED,MASKED,True
B1083,MASKED,SJ116,2025-05-12 11:37:36.951,CANCELLED,MASKED,9A,MASKED,MASKED,True
B1084,MASKED,6F270,2025-06-14 11:37:36.951,PENDING,MASKED,16E,MASKED,MASKED,True
B1085,MASKED,UK150,2026-03-24 11:37:36.951,PENDING,MASKED,12A,MASKED,MASKED,True
B1086,MASKED,SJ237,2026-02-16 11:37:36.951,CONFIRMED,MASKED,5D,MASKED,MASKED,True
B1087,MASKED,AI221,2025-05-08 11:37:36.951,CANCELLED,MASKED,2F,MASKED,MASKED,True
B1088,MASKED,SJ081,2026-03-25 11:37:36.951,PENDING,MASKED,31A,MASKED,MASKED,True
B1089,MASKED,UK189,2025-09-03 11:37:36.951,CANCELLED,MASKED,25F,MASKED,MASKED,True
B1090,MASKED,SJ068,2025-05-16 11:37:36.951,PENDING,MASKED,31C,MASKED,MASKED,True
B1091,MASKED,6F043,2025-08-18 11:37:36.951,PENDING,MASKED,25D,MASKED,MASKED,True
B1092,MASKED,UK187,2026-03-18 11:37:36.951,CONFIRMED,MASKED,16D,MASKED,MASKED,True
B1093,MASKED,UK074,2025-05-11 11:37:36.951,CONFIRMED,MASKED,25E,MASKED,MASKED,True
B1094,MASKED,UK004,2026-01-07 11:37:36.951,PENDING,MASKED,24C,MASKED,MASKED,True
B1095,MASKED,6F194,2025-07-30 11:37:36.951,CONFIRMED,MASKED,14B,MASKED,MASKED,True
B1096,MASKED,UK068,2026-01-03 11:37:36.951,PENDING,MASKED,12B,MASKED,MASKED,True
B1099,MASKED,6F254,2025-12-07 11:37:36.951,CONFIRMED,MASKED,26E,MASKED,MASKED,True
B1100,MASKED,UK077,2026-03-05 11:37:36.951,CONFIRMED,MASKED,16D,MASKED,MASKED,True
B1101,MASKED,AI029,2025-07-19 11:37:36.951,CONFIRMED,MASKED,3D,MASKED,MASKED,True
B1103,MASKED,AI242,2025-08-08 11:37:36.951,CANCELLED,MASKED,20D,MASKED,MASKED,True
B1104,MASKED,AI242,2025-09-12 11:37:36.951,CANCELLED,MASKED,16E,MASKED,MASKED,True
B1105,MASKED,SJ044,2025-09-11 11:37:36.951,CONFIRMED,MASKED,19F,MASKED,MASKED,True
B1106,MASKED,UK063,2025-09-01 11:37:36.951,CONFIRMED,MASKED,21F,MASKED,MASKED,True
B1107,MASKED,AI056,2025-05-19 11:37:36.951,CONFIRMED,MASKED,30F,MASKED,MASKED,True
B1108,MASKED,UK207,2025-10-11 11:37:36.951,CANCELLED,MASKED,14B,MASKED,MASKED,True
B1109,MASKED,UK166,2025-12-03 11:37:36.951,CANCELLED,MASKED,33D,MASKED,MASKED,True
B1110,MASKED,6F261,2025-12-17 11:37:36.951,PENDING,MASKED,12B,MASKED,MASKED,True
B1111,MASKED,UK134,2025-12-25 11:37:36.951,CANCELLED,MASKED,34A,MASKED,MASKED,True
B1112,MASKED,6F152,2025-10-02 11:37:36.951,PENDING,MASKED,27A,MASKED,MASKED,True
B1113,MASKED,SJ089,2025-11-23 11:37:36.951,CONFIRMED,MASKED,5A,MASKED,MASKED,True
B1114,MASKED,6F123,2025-09-26 11:37:36.951,CANCELLED,MASKED,2E,MASKED,MASKED,True
B1115,MASKED,AI025,2025-08-23 11:37:36.951,CONFIRMED,MASKED,10A,MASKED,MASKED,True
B1116,MASKED,6F030,2025-12-05 11:37:36.951,CONFIRMED,MASKED,19B,MASKED,MASKED,True
B1117,MASKED,SJ222,2025-09-02 11:37:36.951,CONFIRMED,MASKED,28F,MASKED,MASKED,True
B1118,MASKED,UK109,2026-04-03 11:37:36.951,CONFIRMED,MASKED,34B,MASKED,MASKED,True
B1119,MASKED,SJ117,2025-11-25 11:37:36.951,CANCELLED,MASKED,21F,MASKED,MASKED,True
B1120,MASKED,SJ142,2025-08-12 11:37:36.951,CONFIRMED,MASKED,12D,MASKED,MASKED,True
B1121,MASKED,SJ142,2025-06-01 11:37:36.951,PENDING,MASKED,17C,MASKED,MASKED,True
B1122,MASKED,AI030,2025-05-02 11:37:36.951,CANCELLED,MASKED,20B,MASKED,MASKED,True
B1123,MASKED,6F097,2025-09-23 11:37:36.951,CONFIRMED,MASKED,8A,MASKED,MASKED,True
B1124,MASKED,6F129,2025-05-23 11:37:36.951,CANCELLED,MASKED,5C,MASKED,MASKED,True
B1125,MASKED,6F181,2026-01-15 11:37:36.951,PENDING,MASKED,27E,MASKED,MASKED,True
B1126,MASKED,AI072,2025-10-20 11:37:36.951,CONFIRMED,MASKED,10E,MASKED,MASKED,True
B1127,MASKED,SJ154,2025-06-29 11:37:36.951,PENDING,MASKED,2E,MASKED,MASKED,True
B1128,MASKED,AI031,2026-04-08 11:37:36.951,CONFIRMED,MASKED,10D,MASKED,MASKED,True
B1129,MASKED,AI031,2025-09-18 11:37:36.951,PENDING,MASKED,26F,MASKED,MASKED,True
B1130,MASKED,6F158,2025-12-26 11:37:36.951,CONFIRMED,MASKED,34E,MASKED,MASKED,True
B1131,MASKED,6F184,2025-06-16 11:37:36.951,CANCELLED,MASKED,1C,MASKED,MASKED,True
B1132,MASKED,UK141,2025-06-20 11:37:36.951,CONFIRMED,MASKED,10D,MASKED,MASKED,True
B1133,MASKED,6F168,2025-12-29 11:37:36.951,CANCELLED,MASKED,23D,MASKED,MASKED,True
B1134,MASKED,6F051,2025-07-28 11:37:36.951,CONFIRMED,MASKED,34C,MASKED,MASKED,True
B1135,MASKED,6F047,2025-12-02 11:37:36.951,CONFIRMED,MASKED,20E,MASKED,MASKED,True
B1136,MASKED,UK156,2025-10-26 11:37:36.951,PENDING,MASKED,28E,MASKED,MASKED,True
B1137,MASKED,AI094,2025-09-01 11:37:36.951,PENDING,MASKED,13E,MASKED,MASKED,True
B1138,MASKED,AI038,2025-07-14 11:37:36.951,PENDING,MASKED,6C,MASKED,MASKED,True
B1139,MASKED,6F255,2026-01-19 11:37:36.951,CONFIRMED,MASKED,29F,MASKED,MASKED,True
B1140,MASKED,SJ025,2026-01-23 11:37:36.951,CONFIRMED,MASKED,29D,MASKED,MASKED,True
B1141,MASKED,SJ185,2025-10-28 11:37:36.951,CONFIRMED,MASKED,9C,MASKED,MASKED,True
B1142,MASKED,6F259,2026-01-21 11:37:36.951,CANCELLED,MASKED,5C,MASKED,MASKED,True
B1143,MASKED,6F073,2026-04-07 11:37:36.951,CANCELLED,MASKED,15A,MASKED,MASKED,True
B1144,MASKED,AI091,2025-09-26 11:37:36.951,CONFIRMED,MASKED,6D,MASKED,MASKED,True
B1145,MASKED,6F191,2025-08-23 11:37:36.951,PENDING,MASKED,15D,MASKED,MASKED,True
B1146,MASKED,UK228,2025-08-30 11:37:36.951,PENDING,MASKED,25A,MASKED,MASKED,True
B1147,MASKED,6F146,2026-03-25 11:37:36.951,PENDING,MASKED,11E,MASKED,MASKED,True
B1148,MASKED,6F068,2025-10-13 11:37:36.951,CONFIRMED,MASKED,19A,MASKED,MASKED,True
B1149,MASKED,SJ218,2026-01-08 11:37:36.951,PENDING,MASKED,30F,MASKED,MASKED,True
B1150,MASKED,UK083,2025-09-25 11:37:36.951,CONFIRMED,MASKED,12A,MASKED,MASKED,True
B1151,MASKED,SJ007,2026-01-18 11:37:36.951,CANCELLED,MASKED,29B,MASKED,MASKED,True
B1152,MASKED,AI077,2025-08-14 11:37:36.951,PENDING,MASKED,27A,MASKED,MASKED,True
B1153,MASKED,UK017,2025-12-20 11:37:36.951,CANCELLED,MASKED,8D,MASKED,MASKED,True
B1154,MASKED,6F229,2026-02-17 11:37:36.951,PENDING,MASKED,24A,MASKED,MASKED,True
B1155,MASKED,6F074,2025-10-08 11:37:36.951,CONFIRMED,MASKED,6D,MASKED,MASKED,True
B1156,MASKED,SJ088,2026-03-25 11:37:36.951,CONFIRMED,MASKED,5E,MASKED,MASKED,True
B1157,MASKED,SJ167,2025-06-28 11:37:36.951,CONFIRMED,MASKED,18B,MASKED,MASKED,True
B1158,MASKED,6F234,2025-07-20 11:37:36.951,CONFIRMED,MASKED,22A,MASKED,MASKED,True
B1159,MASKED,UK071,2025-12-10 11:37:36.951,PENDING,MASKED,22F,MASKED,MASKED,True
B1160,MASKED,AI178,2025-11-21 11:37:36.951,CANCELLED,MASKED,29A,MASKED,MASKED,True
B1161,MASKED,UK104,2025-11-14 11:37:36.951,CONFIRMED,MASKED,12A,MASKED,MASKED,True
B1163,MASKED,SJ235,2025-11-10 11:37:36.951,CANCELLED,MASKED,13D,MASKED,MASKED,True
B1164,MASKED,6F209,2025-04-24 11:37:36.951,CONFIRMED,MASKED,24A,MASKED,MASKED,True
B1165,MASKED,AI129,2025-08-20 11:37:36.951,CANCELLED,MASKED,2F,MASKED,MASKED,True
B1166,MASKED,SJ141,2026-01-23 11:37:36.951,CONFIRMED,MASKED,34D,MASKED,MASKED,True
B1167,MASKED,SJ018,2026-02-02 11:37:36.951,CANCELLED,MASKED,9F,MASKED,MASKED,True
B1168,MASKED,UK120,2025-10-14 11:37:36.951,CANCELLED,MASKED,11C,MASKED,MASKED,True
B1169,MASKED,AI078,2025-11-15 11:37:36.951,CONFIRMED,MASKED,11E,MASKED,MASKED,True
B1170,MASKED,AI079,2025-09-14 11:37:36.951,PENDING,MASKED,15E,MASKED,MASKED,True
B1171,MASKED,UK087,2025-09-19 11:37:36.951,CANCELLED,MASKED,21A,MASKED,MASKED,True
B1172,MASKED,UK133,2026-01-17 11:37:36.951,CONFIRMED,MASKED,8F,MASKED,MASKED,True
B1173,MASKED,AI222,2025-06-01 11:37:36.951,CANCELLED,MASKED,22E,MASKED,MASKED,True
B1174,MASKED,6F049,2026-04-12 11:37:36.951,CANCELLED,MASKED,19D,MASKED,MASKED,True
B1175,MASKED,6F105,2026-01-29 11:37:36.951,PENDING,MASKED,27D,MASKED,MASKED,True
B1176,MASKED,SJ226,2025-04-17 11:37:36.951,CANCELLED,MASKED,7C,MASKED,MASKED,True
B1177,MASKED,SJ227,2025-07-29 11:37:36.951,CANCELLED,MASKED,34D,MASKED,MASKED,True
B1178,MASKED,6F034,2026-02-05 11:37:36.951,CONFIRMED,MASKED,34E,MASKED,MASKED,True
B1179,MASKED,SJ078,2025-10-03 11:37:36.951,CONFIRMED,MASKED,33D,MASKED,MASKED,True
B1180,MASKED,AI240,2026-04-10 11:37:36.951,PENDING,MASKED,22F,MASKED,MASKED,True
B1181,MASKED,SJ002,2026-03-29 11:37:36.951,CANCELLED,MASKED,12E,MASKED,MASKED,True
B1182,MASKED,AI044,2025-08-11 11:37:36.951,CANCELLED,MASKED,3A,MASKED,MASKED,True
B1183,MASKED,UK076,2025-06-22 11:37:36.951,CANCELLED,MASKED,8C,MASKED,MASKED,True
B1184,MASKED,6F232,2025-08-01 11:37:36.951,PENDING,MASKED,28E,MASKED,MASKED,True
B1185,MASKED,SJ228,2025-08-16 11:37:36.951,CANCELLED,MASKED,25E,MASKED,MASKED,True
B1186,MASKED,SJ074,2026-04-04 11:37:36.951,CONFIRMED,MASKED,1B,MASKED,MASKED,True
B1187,MASKED,UK229,2025-08-04 11:37:36.951,PENDING,MASKED,7F,MASKED,MASKED,True
B1188,MASKED,AI208,2026-04-04 11:37:36.951,CONFIRMED,MASKED,6A,MASKED,MASKED,True
B1189,MASKED,AI019,2025-11-23 11:37:36.951,CONFIRMED,MASKED,14F,MASKED,MASKED,True
B1190,MASKED,6F029,2025-05-23 11:37:36.951,PENDING,MASKED,12B,MASKED,MASKED,True
B1191,MASKED,6F018,2025-04-27 11:37:36.951,CONFIRMED,MASKED,25B,MASKED,MASKED,True
B1192,MASKED,AI059,2025-06-23 11:37:36.951,CANCELLED,MASKED,7D,MASKED,MASKED,True
B1193,MASKED,AI159,2025-05-22 11:37:36.951,PENDING,MASKED,13D,MASKED,MASKED,True
B1194,MASKED,6F091,2025-07-11 11:37:36.951,CONFIRMED,MASKED,14F,MASKED,MASKED,True
B1195,MASKED,6F084,2025-07-20 11:37:36.951,CANCELLED,MASKED,10B,MASKED,MASKED,True
B1196,MASKED,UK170,2026-01-15 11:37:36.951,CANCELLED,MASKED,20C,MASKED,MASKED,True
B1197,MASKED,UK212,2025-05-19 11:37:36.951,CONFIRMED,MASKED,2E,MASKED,MASKED,True
B1199,MASKED,SJ075,2025-12-13 11:37:36.951,PENDING,MASKED,30E,MASKED,MASKED,True
B1200,MASKED,UK177,2025-09-17 11:37:36.951,CONFIRMED,MASKED,16B,MASKED,MASKED,True
B1201,MASKED,UK206,2026-02-01 11:37:36.951,CANCELLED,MASKED,3A,MASKED,MASKED,True
B1202,MASKED,UK079,2025-04-29 11:37:36.951,CANCELLED,MASKED,29C,MASKED,MASKED,True
B1203,MASKED,UK040,2025-06-21 11:37:36.951,CONFIRMED,MASKED,3B,MASKED,MASKED,True
B1204,MASKED,AI034,2025-07-25 11:37:36.951,CONFIRMED,MASKED,30A,MASKED,MASKED,True
B1205,MASKED,UK034,2025-10-18 11:37:36.951,CONFIRMED,MASKED,23F,MASKED,MASKED,True
B1206,MASKED,AI088,2025-07-02 11:37:36.951,CONFIRMED,MASKED,13A,MASKED,MASKED,True
B1207,MASKED,AI128,2025-06-11 11:37:36.951,PENDING,MASKED,26A,MASKED,MASKED,True
B1209,MASKED,AI233,2025-12-15 11:37:36.951,PENDING,MASKED,3A,MASKED,MASKED,True
B1210,MASKED,AI012,2026-01-20 11:37:36.951,PENDING,MASKED,3C,MASKED,MASKED,True
B1211,MASKED,AI084,2025-07-07 11:37:36.951,CONFIRMED,MASKED,34A,MASKED,MASKED,True
B1212,MASKED,6F126,2025-07-08 11:37:36.951,PENDING,MASKED,34B,MASKED,MASKED,True
B1213,MASKED,SJ061,2025-06-16 11:37:36.951,CONFIRMED,MASKED,2E,MASKED,MASKED,True
B1215,MASKED,AI135,2025-08-08 11:37:36.951,CANCELLED,MASKED,28C,MASKED,MASKED,True
B1216,MASKED,6F238,2025-12-09 11:37:36.951,CONFIRMED,MASKED,10A,MASKED,MASKED,True
B1217,MASKED,6F092,2026-03-19 11:37:36.951,CANCELLED,MASKED,32C,MASKED,MASKED,True
B1218,MASKED,AI213,2025-11-13 11:37:36.951,PENDING,MASKED,2D,MASKED,MASKED,True
B1219,MASKED,UK193,2026-02-15 11:37:36.951,CANCELLED,MASKED,1B,MASKED,MASKED,True
B1220,MASKED,6F178,2026-04-04 11:37:36.951,PENDING,MASKED,29C,MASKED,MASKED,True
B1221,MASKED,AI158,2026-03-06 11:37:36.951,CONFIRMED,MASKED,19D,MASKED,MASKED,True
B1222,MASKED,UK208,2026-03-30 11:37:36.951,PENDING,MASKED,8A,MASKED,MASKED,True
B1224,MASKED,UK185,2025-10-26 11:37:36.951,CONFIRMED,MASKED,1E,MASKED,MASKED,True
B1225,MASKED,AI163,2026-01-13 11:37:36.951,PENDING,MASKED,4D,MASKED,MASKED,True
B1226,MASKED,AI112,2025-08-23 11:37:36.951,CONFIRMED,MASKED,15C,MASKED,MASKED,True
B1227,MASKED,AI227,2025-10-23 11:37:36.951,CANCELLED,MASKED,12A,MASKED,MASKED,True
B1228,MASKED,SJ083,2026-04-17 11:37:36.951,CONFIRMED,MASKED,29D,MASKED,MASKED,True
B1229,MASKED,UK073,2026-02-07 11:37:36.951,CONFIRMED,MASKED,13F,MASKED,MASKED,True
B1230,MASKED,6F169,2025-04-29 11:37:36.951,PENDING,MASKED,6C,MASKED,MASKED,True
B1231,MASKED,UK154,2026-04-06 11:37:36.951,CANCELLED,MASKED,27D,MASKED,MASKED,True
B1232,MASKED,SJ169,2025-10-06 11:37:36.951,CONFIRMED,MASKED,32F,MASKED,MASKED,True
B1233,MASKED,6F187,2025-05-13 11:37:36.951,CANCELLED,MASKED,5F,MASKED,MASKED,True
B1234,MASKED,UK210,2025-11-21 11:37:36.951,CANCELLED,MASKED,33A,MASKED,MASKED,True
B1235,MASKED,6F250,2025-12-23 11:37:36.951,PENDING,MASKED,13D,MASKED,MASKED,True
B1236,MASKED,AI062,2025-07-05 11:37:36.951,CONFIRMED,MASKED,25A,MASKED,MASKED,True
B1239,MASKED,AI217,2025-11-17 11:37:36.951,CANCELLED,MASKED,30A,MASKED,MASKED,True
B1240,MASKED,UK100,2025-12-31 11:37:36.951,CONFIRMED,MASKED,17A,MASKED,MASKED,True
B1241,MASKED,UK116,2025-12-16 11:37:36.951,CONFIRMED,MASKED,10A,MASKED,MASKED,True
B1242,MASKED,6F036,2025-12-01 11:37:36.951,CANCELLED,MASKED,26C,MASKED,MASKED,True
B1243,MASKED,AI175,2026-01-22 11:37:36.951,CANCELLED,MASKED,29E,MASKED,MASKED,True
B1244,MASKED,UK051,2025-08-18 11:37:36.951,CONFIRMED,MASKED,27D,MASKED,MASKED,True
B1246,MASKED,6F230,2026-04-09 11:37:36.951,CONFIRMED,MASKED,33B,MASKED,MASKED,True
B1247,MASKED,SJ138,2025-08-13 11:37:36.951,CANCELLED,MASKED,15F,MASKED,MASKED,True
B1248,MASKED,AI246,2026-03-04 11:37:36.951,PENDING,MASKED,16B,MASKED,MASKED,True
B1249,MASKED,6F179,2025-06-06 11:37:36.951,CANCELLED,MASKED,26B,MASKED,MASKED,True
B1250,MASKED,6F031,2026-01-28 11:37:36.951,CANCELLED,MASKED,16F,MASKED,MASKED,True
B1251,MASKED,UK015,2025-08-30 11:37:36.951,PENDING,MASKED,29A,MASKED,MASKED,True
B1252,MASKED,UK001,2025-04-21 11:37:36.951,CANCELLED,MASKED,27C,MASKED,MASKED,True
B1253,MASKED,6F133,2026-02-27 11:37:36.951,CANCELLED,MASKED,15E,MASKED,MASKED,True
B1254,MASKED,6F143,2025-07-22 11:37:36.951,CANCELLED,MASKED,5D,MASKED,MASKED,True
B1255,MASKED,UK165,2025-09-22 11:37:36.951,CANCELLED,MASKED,23F,MASKED,MASKED,True
B1256,MASKED,6F083,2025-08-10 11:37:36.951,CANCELLED,MASKED,22B,MASKED,MASKED,True
B1257,MASKED,AI082,2025-08-19 11:37:36.951,CANCELLED,MASKED,11C,MASKED,MASKED,True
B1258,MASKED,AI164,2025-10-28 11:37:36.951,CANCELLED,MASKED,21F,MASKED,MASKED,True
B1259,MASKED,SJ155,2026-01-19 11:37:36.951,CANCELLED,MASKED,31F,MASKED,MASKED,True
B1260,MASKED,AI189,2026-01-04 11:37:36.951,CANCELLED,MASKED,1D,MASKED,MASKED,True
B1261,MASKED,SJ057,2025-12-21 11:37:36.951,CONFIRMED,MASKED,34A,MASKED,MASKED,True
B1262,MASKED,SJ198,2025-05-07 11:37:36.951,CONFIRMED,MASKED,16F,MASKED,MASKED,True
B1263,MASKED,6F122,2026-01-03 11:37:36.951,CANCELLED,MASKED,6C,MASKED,MASKED,True
B1264,MASKED,SJ097,2026-04-15 11:37:36.951,CONFIRMED,MASKED,12A,MASKED,MASKED,True
B1265,MASKED,UK203,2025-08-06 11:37:36.951,PENDING,MASKED,28F,MASKED,MASKED,True
B1266,MASKED,UK093,2026-01-16 11:37:36.951,CONFIRMED,MASKED,27F,MASKED,MASKED,True
B1267,MASKED,AI205,2025-05-21 11:37:36.951,CANCELLED,MASKED,32A,MASKED,MASKED,True
B1269,MASKED,6F046,2025-09-06 11:37:36.951,CONFIRMED,MASKED,4C,MASKED,MASKED,True
B1271,MASKED,6F156,2025-10-20 11:37:36.951,PENDING,MASKED,28B,MASKED,MASKED,True
B1272,MASKED,AI068,2025-07-18 11:37:36.951,PENDING,MASKED,19A,MASKED,MASKED,True
B1274,MASKED,UK008,2025-10-15 11:37:36.951,PENDING,MASKED,20D,MASKED,MASKED,True
B1275,MASKED,6F166,2025-07-11 11:37:36.951,PENDING,MASKED,18F,MASKED,MASKED,True
B1276,MASKED,6F177,2025-07-15 11:37:36.951,CONFIRMED,MASKED,1A,MASKED,MASKED,True
B1277,MASKED,AI196,2026-01-19 11:37:36.951,PENDING,MASKED,12E,MASKED,MASKED,True
B1278,MASKED,SJ191,2025-08-09 11:37:36.951,CONFIRMED,MASKED,5B,MASKED,MASKED,True
B1280,MASKED,AI226,2026-04-12 11:37:36.951,CONFIRMED,MASKED,33B,MASKED,MASKED,True
B1281,MASKED,SJ207,2026-01-21 11:37:36.951,CANCELLED,MASKED,4A,MASKED,MASKED,True
B1282,MASKED,AI009,2025-12-30 11:37:36.951,CANCELLED,MASKED,8B,MASKED,MASKED,True
B1284,MASKED,SJ127,2026-02-22 11:37:36.951,CANCELLED,MASKED,25F,MASKED,MASKED,True
B1285,MASKED,UK188,2026-03-26 11:37:36.951,CANCELLED,MASKED,25B,MASKED,MASKED,True
B1287,MASKED,SJ098,2025-12-13 11:37:36.951,CANCELLED,MASKED,5F,MASKED,MASKED,True
B1288,MASKED,6F058,2025-12-11 11:37:36.951,PENDING,MASKED,18C,MASKED,MASKED,True
B1289,MASKED,SJ030,2026-03-23 11:37:36.951,PENDING,MASKED,24F,MASKED,MASKED,True
B1290,MASKED,UK175,2025-07-26 11:37:36.951,CANCELLED,MASKED,16F,MASKED,MASKED,True
B1291,MASKED,SJ108,2026-04-01 11:37:36.951,PENDING,MASKED,28E,MASKED,MASKED,True
B1292,MASKED,6F075,2025-08-03 11:37:36.951,CONFIRMED,MASKED,7C,MASKED,MASKED,True
B1293,MASKED,UK222,2025-08-31 11:37:36.951,CONFIRMED,MASKED,25F,MASKED,MASKED,True
B1294,MASKED,6F250,2025-07-13 11:37:36.951,CANCELLED,MASKED,34B,MASKED,MASKED,True
B1295,MASKED,AI096,2025-12-29 11:37:36.951,CANCELLED,MASKED,14B,MASKED,MASKED,True
B1296,MASKED,AI216,2025-12-23 11:37:36.951,CANCELLED,MASKED,1B,MASKED,MASKED,True
B1297,MASKED,6F193,2026-01-23 11:37:36.951,PENDING,MASKED,8A,MASKED,MASKED,True
B1298,MASKED,SJ194,2026-01-02 11:37:36.951,PENDING,MASKED,6C,MASKED,MASKED,True
B1299,MASKED,SJ020,2025-09-11 11:37:36.951,CONFIRMED,MASKED,16F,MASKED,MASKED,True
B1300,MASKED,6F070,2025-06-14 11:37:36.951,PENDING,MASKED,21C,MASKED,MASKED,True
B1301,MASKED,AI051,2025-09-03 11:37:36.951,CONFIRMED,MASKED,12A,MASKED,MASKED,True
B1302,MASKED,UK219,2025-12-27 11:37:36.951,PENDING,MASKED,3D,MASKED,MASKED,True
B1303,MASKED,AI235,2025-12-13 11:37:36.951,CONFIRMED,MASKED,20A,MASKED,MASKED,True
B1305,MASKED,SJ114,2025-09-28 11:37:36.951,PENDING,MASKED,13C,MASKED,MASKED,True
B1306,MASKED,SJ076,2025-12-01 11:37:36.951,CONFIRMED,MASKED,30A,MASKED,MASKED,True
B1307,MASKED,UK227,2026-01-26 11:37:36.951,PENDING,MASKED,32E,MASKED,MASKED,True
B1308,MASKED,UK135,2025-07-22 11:37:36.951,CANCELLED,MASKED,30D,MASKED,MASKED,True
B1309,MASKED,AI234,2025-05-06 11:37:36.951,CONFIRMED,MASKED,30F,MASKED,MASKED,True
B1310,MASKED,6F113,2025-08-20 11:37:36.951,PENDING,MASKED,5D,MASKED,MASKED,True
B1311,MASKED,SJ206,2025-11-16 11:37:36.951,PENDING,MASKED,9D,MASKED,MASKED,True
B1313,MASKED,6F260,2025-05-16 11:37:36.951,CANCELLED,MASKED,33E,MASKED,MASKED,True
B1314,MASKED,AI061,2025-04-28 11:37:36.951,CONFIRMED,MASKED,19C,MASKED,MASKED,True
B1315,MASKED,6F237,2026-03-26 11:37:36.951,PENDING,MASKED,9C,MASKED,MASKED,True
B1316,MASKED,SJ099,2026-01-06 11:37:36.951,PENDING,MASKED,27C,MASKED,MASKED,True
B1317,MASKED,SJ146,2026-02-24 11:37:36.951,CANCELLED,MASKED,21F,MASKED,MASKED,True
B1318,MASKED,SJ146,2025-05-23 11:37:36.951,CANCELLED,MASKED,29B,MASKED,MASKED,True
B1319,MASKED,6F071,2025-05-04 11:37:36.951,CONFIRMED,MASKED,4C,MASKED,MASKED,True
B1320,MASKED,6F272,2025-08-13 11:37:36.951,PENDING,MASKED,6C,MASKED,MASKED,True
B1321,MASKED,SJ029,2026-02-12 11:37:36.951,PENDING,MASKED,13A,MASKED,MASKED,True
B1322,MASKED,UK084,2025-07-27 11:37:36.951,CONFIRMED,MASKED,6E,MASKED,MASKED,True
B1323,MASKED,SJ048,2026-02-06 11:37:36.951,CONFIRMED,MASKED,14D,MASKED,MASKED,True
B1324,MASKED,AI108,2026-02-04 11:37:36.951,CANCELLED,MASKED,33B,MASKED,MASKED,True
B1325,MASKED,SJ134,2025-08-11 11:37:36.951,CANCELLED,MASKED,3B,MASKED,MASKED,True
B1326,MASKED,UK146,2025-10-31 11:37:36.951,CONFIRMED,MASKED,14F,MASKED,MASKED,True
B1327,MASKED,SJ036,2025-09-24 11:37:36.951,CONFIRMED,MASKED,26C,MASKED,MASKED,True
B1328,MASKED,6F202,2025-11-01 11:37:36.951,PENDING,MASKED,33B,MASKED,MASKED,True
B1329,MASKED,UK041,2026-02-13 11:37:36.951,CONFIRMED,MASKED,22C,MASKED,MASKED,True
B1330,MASKED,6F078,2025-12-06 11:37:36.951,CONFIRMED,MASKED,23A,MASKED,MASKED,True
B1331,MASKED,AI097,2025-07-03 11:37:36.951,PENDING,MASKED,22C,MASKED,MASKED,True
B1332,MASKED,UK159,2026-01-15 11:37:36.951,CONFIRMED,MASKED,7D,MASKED,MASKED,True
B1333,MASKED,UK044,2025-09-06 11:37:36.951,CANCELLED,MASKED,12B,MASKED,MASKED,True
B1334,MASKED,6F176,2025-09-27 11:37:36.951,CANCELLED,MASKED,6F,MASKED,MASKED,True
B1335,MASKED,SJ221,2026-02-11 11:37:36.951,PENDING,MASKED,4A,MASKED,MASKED,True
B1336,MASKED,6F112,2025-07-03 11:37:36.951,CONFIRMED,MASKED,22A,MASKED,MASKED,True
B1338,MASKED,6F014,2026-02-21 11:37:36.951,CANCELLED,MASKED,14C,MASKED,MASKED,True
B1339,MASKED,AI237,2025-09-17 11:37:36.951,CANCELLED,MASKED,28A,MASKED,MASKED,True
B1340,MASKED,6F003,2025-12-14 11:37:36.951,CANCELLED,MASKED,12E,MASKED,MASKED,True
B1341,MASKED,6F249,2025-07-04 11:37:36.951,CONFIRMED,MASKED,5A,MASKED,MASKED,True
B1342,MASKED,UK149,2025-04-29 11:37:36.951,CONFIRMED,MASKED,4A,MASKED,MASKED,True
B1343,MASKED,SJ163,2026-03-08 11:37:36.951,CONFIRMED,MASKED,9F,MASKED,MASKED,True
B1344,MASKED,SJ243,2026-03-28 11:37:36.951,CONFIRMED,MASKED,1D,MASKED,MASKED,True
B1345,MASKED,UK113,2025-06-06 11:37:36.951,CANCELLED,MASKED,1A,MASKED,MASKED,True
B1346,MASKED,AI071,2025-06-07 11:37:36.951,PENDING,MASKED,30E,MASKED,MASKED,True
B1347,MASKED,6F271,2026-02-07 11:37:36.951,PENDING,MASKED,22A,MASKED,MASKED,True
B1348,MASKED,SJ015,2025-06-05 11:37:36.951,CANCELLED,MASKED,27E,MASKED,MASKED,True
B1349,MASKED,UK047,2025-11-19 11:37:36.951,CANCELLED,MASKED,9E,MASKED,MASKED,True
B1350,MASKED,UK020,2026-02-04 11:37:36.951,PENDING,MASKED,12A,MASKED,MASKED,True
B1351,MASKED,AI122,2025-09-03 11:37:36.951,PENDING,MASKED,27F,MASKED,MASKED,True
B1352,MASKED,UK223,2025-10-20 11:37:36.951,CANCELLED,MASKED,17D,MASKED,MASKED,True
B1353,MASKED,6F148,2025-09-19 11:37:36.951,CANCELLED,MASKED,15F,MASKED,MASKED,True
B1354,MASKED,SJ162,2025-12-14 11:37:36.951,CONFIRMED,MASKED,34A,MASKED,MASKED,True
B1355,MASKED,6F127,2026-03-30 11:37:36.951,CONFIRMED,MASKED,28B,MASKED,MASKED,True
B1356,MASKED,AI173,2025-11-10 11:37:36.951,PENDING,MASKED,11F,MASKED,MASKED,True
B1358,MASKED,AI053,2025-06-22 11:37:36.951,PENDING,MASKED,20A,MASKED,MASKED,True
B1359,MASKED,AI241,2025-10-22 11:37:36.951,CONFIRMED,MASKED,14E,MASKED,MASKED,True
B1361,MASKED,AI110,2025-08-24 11:37:36.951,PENDING,MASKED,13F,MASKED,MASKED,True
B1362,MASKED,AI252,2025-10-22 11:37:36.951,CONFIRMED,MASKED,15B,MASKED,MASKED,True
B1363,MASKED,AI149,2025-12-14 11:37:36.951,CANCELLED,MASKED,3B,MASKED,MASKED,True
B1364,MASKED,AI224,2025-09-09 11:37:36.951,PENDING,MASKED,23F,MASKED,MASKED,True
B1365,MASKED,UK158,2025-07-03 11:37:36.951,CANCELLED,MASKED,15B,MASKED,MASKED,True
B1366,MASKED,6F125,2025-05-05 11:37:36.951,CANCELLED,MASKED,25E,MASKED,MASKED,True
B1367,MASKED,UK164,2025-12-14 11:37:36.951,CONFIRMED,MASKED,18A,MASKED,MASKED,True
B1368,MASKED,UK007,2025-12-26 11:37:36.951,CANCELLED,MASKED,1E,MASKED,MASKED,True
B1369,MASKED,6F118,2026-03-18 11:37:36.951,PENDING,MASKED,15F,MASKED,MASKED,True
B1370,MASKED,SJ004,2026-01-01 11:37:36.951,CANCELLED,MASKED,19C,MASKED,MASKED,True
B1371,MASKED,6F206,2025-09-25 11:37:36.951,CANCELLED,MASKED,15E,MASKED,MASKED,True
B1372,MASKED,SJ130,2025-05-11 11:37:36.951,CANCELLED,MASKED,11D,MASKED,MASKED,True
B1373,MASKED,SJ070,2026-02-14 11:37:36.951,CANCELLED,MASKED,22F,MASKED,MASKED,True
B1374,MASKED,AI085,2025-04-24 11:37:36.951,CANCELLED,MASKED,7F,MASKED,MASKED,True
B1375,MASKED,SJ109,2025-09-02 11:37:36.951,CONFIRMED,MASKED,15B,MASKED,MASKED,True
B1376,MASKED,AI168,2025-08-24 11:37:36.951,PENDING,MASKED,16B,MASKED,MASKED,True
B1377,MASKED,UK123,2025-10-24 11:37:36.951,CONFIRMED,MASKED,26A,MASKED,MASKED,True
B1378,MASKED,UK110,2026-01-16 11:37:36.951,PENDING,MASKED,30D,MASKED,MASKED,True
B1379,MASKED,AI206,2025-11-02 11:37:36.951,PENDING,MASKED,31C,MASKED,MASKED,True
B1380,MASKED,6F007,2026-04-16 11:37:36.951,PENDING,MASKED,6B,MASKED,MASKED,True
B1381,MASKED,SJ013,2025-11-11 11:37:36.951,PENDING,MASKED,33A,MASKED,MASKED,True
B1382,MASKED,UK061,2025-09-19 11:37:36.951,PENDING,MASKED,20D,MASKED,MASKED,True
B1383,MASKED,AI010,2025-09-24 11:37:36.951,CANCELLED,MASKED,8C,MASKED,MASKED,True
B1384,MASKED,AI024,2025-05-16 11:37:36.951,CONFIRMED,MASKED,11D,MASKED,MASKED,True
B1385,MASKED,UK130,2025-06-08 11:37:36.951,CONFIRMED,MASKED,30B,MASKED,MASKED,True
B1386,MASKED,AI161,2026-03-12 11:37:36.951,CANCELLED,MASKED,10A,MASKED,MASKED,True
B1387,MASKED,SJ208,2025-07-23 11:37:36.951,PENDING,MASKED,24F,MASKED,MASKED,True
B1390,MASKED,SJ028,2026-03-09 11:37:36.951,CANCELLED,MASKED,8C,MASKED,MASKED,True
B1391,MASKED,SJ084,2025-11-26 11:37:36.951,CONFIRMED,MASKED,21F,MASKED,MASKED,True
B1392,MASKED,AI139,2026-03-27 11:37:36.951,CONFIRMED,MASKED,21D,MASKED,MASKED,True
B1393,MASKED,UK179,2026-04-06 11:37:36.951,PENDING,MASKED,26E,MASKED,MASKED,True
B1394,MASKED,6F256,2025-07-23 11:37:36.951,PENDING,MASKED,23F,MASKED,MASKED,True
B1397,MASKED,UK190,2026-02-05 11:37:36.951,CANCELLED,MASKED,28D,MASKED,MASKED,True
B1398,MASKED,6F224,2026-02-04 11:37:36.951,PENDING,MASKED,3E,MASKED,MASKED,True
B1399,MASKED,UK221,2025-05-31 11:37:36.951,PENDING,MASKED,7A,MASKED,MASKED,True
B1400,MASKED,SJ107,2026-04-02 11:37:36.951,CANCELLED,MASKED,12F,MASKED,MASKED,True
B1402,MASKED,UK183,2026-03-21 11:37:36.951,CANCELLED,MASKED,7E,MASKED,MASKED,True
B1403,MASKED,SJ203,2025-05-08 11:37:36.951,PENDING,MASKED,26A,MASKED,MASKED,True
B1405,MASKED,AI100,2025-08-26 11:37:36.951,PENDING,MASKED,32F,MASKED,MASKED,True
B1406,MASKED,6F140,2025-06-24 11:37:36.951,CONFIRMED,MASKED,15D,MASKED,MASKED,True
B1407,MASKED,UK048,2025-08-26 11:37:36.951,CONFIRMED,MASKED,25A,MASKED,MASKED,True
B1408,MASKED,SJ204,2025-07-29 11:37:36.951,CONFIRMED,MASKED,12F,MASKED,MASKED,True
B1409,MASKED,UK105,2026-03-24 11:37:36.951,CONFIRMED,MASKED,28C,MASKED,MASKED,True
B1410,MASKED,AI098,2026-04-13 11:37:36.951,CONFIRMED,MASKED,32C,MASKED,MASKED,True
B1411,MASKED,6F013,2025-10-12 11:37:36.951,CANCELLED,MASKED,1A,MASKED,MASKED,True
B1412,MASKED,6F128,2025-11-18 11:37:36.951,CANCELLED,MASKED,28E,MASKED,MASKED,True
B1414,MASKED,SJ182,2026-01-07 11:37:36.951,CONFIRMED,MASKED,25F,MASKED,MASKED,True
B1415,MASKED,6F199,2026-03-22 11:37:36.951,PENDING,MASKED,23B,MASKED,MASKED,True
B1416,MASKED,SJ187,2025-08-17 11:37:36.951,CANCELLED,MASKED,20B,MASKED,MASKED,True
B1417,MASKED,AI182,2025-08-18 11:37:36.951,PENDING,MASKED,8E,MASKED,MASKED,True
B1418,MASKED,SJ027,2025-05-04 11:37:36.951,PENDING,MASKED,19D,MASKED,MASKED,True
B1419,MASKED,SJ062,2026-01-20 11:37:36.951,CONFIRMED,MASKED,20E,MASKED,MASKED,True
B1420,MASKED,SJ161,2026-02-24 11:37:36.951,CONFIRMED,MASKED,27B,MASKED,MASKED,True
B1422,MASKED,AI181,2026-01-04 11:37:36.951,CANCELLED,MASKED,12D,MASKED,MASKED,True
B1423,MASKED,AI003,2025-06-12 11:37:36.951,CONFIRMED,MASKED,14A,MASKED,MASKED,True
B1424,MASKED,6F150,2025-11-05 11:37:36.951,CANCELLED,MASKED,11D,MASKED,MASKED,True
B1425,MASKED,SJ175,2025-06-28 11:37:36.951,CANCELLED,MASKED,34E,MASKED,MASKED,True
B1426,MASKED,6F041,2025-12-15 11:37:36.951,CANCELLED,MASKED,17C,MASKED,MASKED,True
B1427,MASKED,SJ040,2026-04-15 11:37:36.951,CANCELLED,MASKED,16E,MASKED,MASKED,True
B1428,MASKED,6F020,2025-06-17 11:37:36.951,CONFIRMED,MASKED,27C,MASKED,MASKED,True
B1429,MASKED,AI248,2025-05-08 11:37:36.951,CANCELLED,MASKED,27B,MASKED,MASKED,True
B1430,MASKED,SJ016,2026-02-08 11:37:36.951,CONFIRMED,MASKED,11A,MASKED,MASKED,True
B1431,MASKED,UK204,2025-11-21 11:37:36.951,CONFIRMED,MASKED,31C,MASKED,MASKED,True
B1432,MASKED,6F211,2025-09-02 11:37:36.951,CANCELLED,MASKED,9B,MASKED,MASKED,True
B1433,MASKED,SJ166,2025-05-07 11:37:36.951,CONFIRMED,MASKED,5B,MASKED,MASKED,True
B1434,MASKED,AI036,2025-10-19 11:37:36.951,PENDING,MASKED,30C,MASKED,MASKED,True
B1435,MASKED,SJ215,2025-09-18 11:37:36.951,CONFIRMED,MASKED,1E,MASKED,MASKED,True
B1436,MASKED,AI076,2026-01-05 11:37:36.951,CONFIRMED,MASKED,20B,MASKED,MASKED,True
B1437,MASKED,SJ012,2025-11-28 11:37:36.951,CANCELLED,MASKED,24A,MASKED,MASKED,True
B1439,MASKED,SJ173,2025-11-09 11:37:36.951,CONFIRMED,MASKED,27E,MASKED,MASKED,True
B1440,MASKED,AI193,2026-03-09 11:37:36.951,CANCELLED,MASKED,25E,MASKED,MASKED,True
B1442,MASKED,AI225,2025-06-02 11:37:36.951,PENDING,MASKED,11E,MASKED,MASKED,True
B1443,MASKED,AI190,2025-10-09 11:37:36.951,CANCELLED,MASKED,9E,MASKED,MASKED,True
B1444,MASKED,SJ238,2025-12-25 11:37:36.951,CONFIRMED,MASKED,7B,MASKED,MASKED,True
B1445,MASKED,6F005,2025-12-21 11:37:36.951,PENDING,MASKED,5F,MASKED,MASKED,True
B1446,MASKED,UK136,2025-09-25 11:37:36.951,PENDING,MASKED,23C,MASKED,MASKED,True
B1447,MASKED,SJ063,2025-05-21 11:37:36.951,CONFIRMED,MASKED,15F,MASKED,MASKED,True
B1448,MASKED,6F175,2025-11-21 11:37:36.951,CANCELLED,MASKED,9E,MASKED,MASKED,True
B1449,MASKED,AI037,2025-05-23 11:37:36.951,PENDING,MASKED,19A,MASKED,MASKED,True
B1450,MASKED,UK225,2025-11-11 11:37:36.951,CONFIRMED,MASKED,21C,MASKED,MASKED,True
B1451,MASKED,AI141,2025-05-20 11:37:36.951,CONFIRMED,MASKED,15E,MASKED,MASKED,True
B1452,MASKED,6F172,2026-01-26 11:37:36.951,PENDING,MASKED,3E,MASKED,MASKED,True
B1453,MASKED,6F219,2026-02-07 11:37:36.951,CANCELLED,MASKED,16F,MASKED,MASKED,True
B1454,MASKED,AI045,2025-08-16 11:37:36.951,PENDING,MASKED,8E,MASKED,MASKED,True
B1455,MASKED,AI198,2026-04-12 11:37:36.951,CONFIRMED,MASKED,30A,MASKED,MASKED,True
B1456,MASKED,AI120,2025-04-24 11:37:36.951,PENDING,MASKED,17F,MASKED,MASKED,True
B1457,MASKED,6F134,2025-06-11 11:37:36.951,CANCELLED,MASKED,32D,MASKED,MASKED,True
B1458,MASKED,UK102,2025-11-19 11:37:36.951,CONFIRMED,MASKED,10B,MASKED,MASKED,True
B1459,MASKED,SJ199,2025-06-10 11:37:36.951,CANCELLED,MASKED,1F,MASKED,MASKED,True
B1460,MASKED,6F235,2025-10-01 11:37:36.951,PENDING,MASKED,32E,MASKED,MASKED,True
B1461,MASKED,UK065,2025-10-14 11:37:36.951,PENDING,MASKED,33F,MASKED,MASKED,True
B1462,MASKED,6F135,2025-12-03 11:37:36.951,CANCELLED,MASKED,26D,MASKED,MASKED,True
B1463,MASKED,SJ148,2026-02-10 11:37:36.951,PENDING,MASKED,31C,MASKED,MASKED,True
B1464,MASKED,AI083,2026-03-07 11:37:36.951,CANCELLED,MASKED,6B,MASKED,MASKED,True
B1465,MASKED,UK024,2025-07-02 11:37:36.951,PENDING,MASKED,5C,MASKED,MASKED,True
B1466,MASKED,UK220,2025-04-27 11:37:36.951,CANCELLED,MASKED,28B,MASKED,MASKED,True
B1467,MASKED,UK115,2025-04-30 11:37:36.951,CANCELLED,MASKED,25A,MASKED,MASKED,True
B1468,MASKED,AI255,2025-07-16 11:37:36.951,CONFIRMED,MASKED,14F,MASKED,MASKED,True
B1469,MASKED,6F001,2025-12-25 11:37:36.951,CONFIRMED,MASKED,11A,MASKED,MASKED,True
B1470,MASKED,6F132,2025-05-27 11:37:36.951,CANCELLED,MASKED,24E,MASKED,MASKED,True
B1471,MASKED,UK184,2026-03-28 11:37:36.951,PENDING,MASKED,8E,MASKED,MASKED,True
B1472,MASKED,6F098,2025-06-06 11:37:36.951,PENDING,MASKED,3D,MASKED,MASKED,True
B1473,MASKED,SJ168,2025-07-19 11:37:36.951,PENDING,MASKED,21F,MASKED,MASKED,True
B1474,MASKED,SJ178,2025-07-28 11:37:36.951,CANCELLED,MASKED,14C,MASKED,MASKED,True
B1475,MASKED,UK111,2026-03-07 11:37:36.951,CANCELLED,MASKED,2C,MASKED,MASKED,True
B1476,MASKED,SJ051,2026-02-27 11:37:36.951,CANCELLED,MASKED,32E,MASKED,MASKED,True
B1477,MASKED,SJ193,2025-07-06 11:37:36.951,CANCELLED,MASKED,18E,MASKED,MASKED,True
B1478,MASKED,SJ039,2026-02-24 11:37:36.951,CONFIRMED,MASKED,28D,MASKED,MASKED,True
B1479,MASKED,UK066,2025-12-17 11:37:36.951,CANCELLED,MASKED,22B,MASKED,MASKED,True
B1480,MASKED,SJ050,2026-03-14 11:37:36.951,PENDING,MASKED,34B,MASKED,MASKED,True
B1481,MASKED,6F052,2025-06-11 11:37:36.951,CONFIRMED,MASKED,4D,MASKED,MASKED,True
B1482,MASKED,SJ170,2025-08-29 11:37:36.951,PENDING,MASKED,14E,MASKED,MASKED,True
B1484,MASKED,AI219,2025-05-07 11:37:36.951,CONFIRMED,MASKED,13B,MASKED,MASKED,True
B1485,MASKED,6F220,2025-07-05 11:37:36.951,CANCELLED,MASKED,12D,MASKED,MASKED,True
B1486,MASKED,AI207,2025-05-04 11:37:36.951,CONFIRMED,MASKED,3D,MASKED,MASKED,True
B1487,MASKED,6F024,2026-01-26 11:37:36.951,PENDING,MASKED,5E,MASKED,MASKED,True
B1488,MASKED,SJ073,2025-05-04 11:37:36.951,CANCELLED,MASKED,27E,MASKED,MASKED,True
B1489,MASKED,SJ201,2025-07-08 11:37:36.951,CANCELLED,MASKED,24F,MASKED,MASKED,True
B1490,MASKED,AI180,2026-03-10 11:37:36.951,CONFIRMED,MASKED,29B,MASKED,MASKED,True
B1491,MASKED,UK022,2025-07-16 11:37:36.951,CONFIRMED,MASKED,18F,MASKED,MASKED,True
B1492,MASKED,AI202,2026-03-27 11:37:36.951,CANCELLED,MASKED,29C,MASKED,MASKED,True
B1493,MASKED,6F212,2025-06-01 11:37:36.952,CONFIRMED,MASKED,26D,MASKED,MASKED,True
B1494,MASKED,6F163,2025-06-09 11:37:36.952,CANCELLED,MASKED,23F,MASKED,MASKED,True
B1495,MASKED,UK028,2025-10-15 11:37:36.952,CONFIRMED,MASKED,27D,MASKED,MASKED,True
B1496,MASKED,6F243,2026-03-21 11:37:36.952,PENDING,MASKED,7D,MASKED,MASKED,True
B1497,MASKED,AI165,2025-09-02 11:37:36.952,CONFIRMED,MASKED,11F,MASKED,MASKED,True
B1498,MASKED,UK099,2025-07-18 11:37:36.952,PENDING,MASKED,3D,MASKED,MASKED,True
B1500,MASKED,UK056,2025-04-30 11:37:36.952,CONFIRMED,MASKED,22D,MASKED,MASKED,True
B1501,MASKED,SJ122,2025-09-04 11:37:36.952,CANCELLED,MASKED,23D,MASKED,MASKED,True
B1502,MASKED,AI086,2025-10-15 11:37:36.952,CONFIRMED,MASKED,23F,MASKED,MASKED,True
B1503,MASKED,SJ011,2025-10-17 11:37:36.952,CONFIRMED,MASKED,25C,MASKED,MASKED,True
B1504,MASKED,SJ021,2025-04-21 11:37:36.952,PENDING,MASKED,4E,MASKED,MASKED,True
B1505,MASKED,SJ106,2025-11-29 11:37:36.952,CONFIRMED,MASKED,8F,MASKED,MASKED,True
B1506,MASKED,SJ026,2026-01-29 11:37:36.952,CANCELLED,MASKED,9E,MASKED,MASKED,True
B1507,MASKED,SJ245,2025-11-27 11:37:36.952,PENDING,MASKED,20A,MASKED,MASKED,True
B1509,MASKED,AI032,2025-09-25 11:37:36.952,CANCELLED,MASKED,14F,MASKED,MASKED,True
B1510,MASKED,AI236,2025-05-11 11:37:36.952,CANCELLED,MASKED,19F,MASKED,MASKED,True
B1511,MASKED,6F094,2025-12-24 11:37:36.952,CANCELLED,MASKED,15C,MASKED,MASKED,True
B1512,MASKED,UK163,2025-12-21 11:37:36.952,PENDING,MASKED,4A,MASKED,MASKED,True
B1513,MASKED,UK163,2025-06-30 11:37:36.952,CONFIRMED,MASKED,32B,MASKED,MASKED,True
B1514,MASKED,SJ045,2025-05-07 11:37:36.952,CANCELLED,MASKED,21E,MASKED,MASKED,True
B1515,MASKED,SJ006,2025-07-06 11:37:36.952,PENDING,MASKED,26A,MASKED,MASKED,True
B1516,MASKED,SJ103,2025-08-05 11:37:36.952,CANCELLED,MASKED,34F,MASKED,MASKED,True
B1519,MASKED,SJ064,2026-03-25 11:37:36.952,PENDING,MASKED,3C,MASKED,MASKED,True
B1520,MASKED,AI028,2026-04-02 11:37:36.952,CONFIRMED,MASKED,27A,MASKED,MASKED,True
B1521,MASKED,AI148,2025-11-08 11:37:36.952,PENDING,MASKED,31E,MASKED,MASKED,True
B1522,MASKED,6F263,2025-08-31 11:37:36.952,CONFIRMED,MASKED,1C,MASKED,MASKED,True
B1523,MASKED,SJ067,2025-05-19 11:37:36.952,PENDING,MASKED,21F,MASKED,MASKED,True
B1524,MASKED,6F061,2025-06-17 11:37:36.952,PENDING,MASKED,23D,MASKED,MASKED,True
B1526,MASKED,SJ136,2025-11-15 11:37:36.952,CONFIRMED,MASKED,17D,MASKED,MASKED,True
B1527,MASKED,AI046,2025-07-09 11:37:36.952,PENDING,MASKED,8A,MASKED,MASKED,True
B1528,MASKED,UK174,2026-03-28 11:37:36.952,PENDING,MASKED,6E,MASKED,MASKED,True
B1531,MASKED,6F063,2026-04-01 11:37:36.952,PENDING,MASKED,30F,MASKED,MASKED,True
B1532,MASKED,UK118,2025-04-22 11:37:36.952,PENDING,MASKED,30A,MASKED,MASKED,True
B1533,MASKED,UK218,2025-09-15 11:37:36.952,PENDING,MASKED,28D,MASKED,MASKED,True
B1534,MASKED,UK031,2025-09-11 11:37:36.952,CONFIRMED,MASKED,34E,MASKED,MASKED,True
B1535,MASKED,UK142,2026-04-02 11:37:36.952,PENDING,MASKED,6C,MASKED,MASKED,True
B1537,MASKED,UK070,2025-10-08 11:37:36.952,CONFIRMED,MASKED,21F,MASKED,MASKED,True
B1538,MASKED,SJ121,2026-03-17 11:37:36.952,PENDING,MASKED,8E,MASKED,MASKED,True
B1539,MASKED,UK201,2025-06-11 11:37:36.952,CONFIRMED,MASKED,20B,MASKED,MASKED,True
B1540,MASKED,AI138,2026-01-15 11:37:36.952,CANCELLED,MASKED,7E,MASKED,MASKED,True
B1541,MASKED,SJ014,2025-12-16 11:37:36.952,CONFIRMED,MASKED,26A,MASKED,MASKED,True
B1542,MASKED,SJ053,2025-12-13 11:37:36.952,PENDING,MASKED,14F,MASKED,MASKED,True
B1543,MASKED,SJ241,2025-06-16 11:37:36.952,CANCELLED,MASKED,4F,MASKED,MASKED,True
B1544,MASKED,AI249,2025-09-01 11:37:36.952,CANCELLED,MASKED,16A,MASKED,MASKED,True
B1545,MASKED,AI176,2026-03-08 11:37:36.952,PENDING,MASKED,8A,MASKED,MASKED,True
B1546,MASKED,SJ234,2026-04-02 11:37:36.952,PENDING,MASKED,32B,MASKED,MASKED,True
B1547,MASKED,6F115,2025-04-18 11:37:36.952,PENDING,MASKED,16C,MASKED,MASKED,True
B1548,MASKED,AI020,2025-10-04 11:37:36.952,CONFIRMED,MASKED,7E,MASKED,MASKED,True
B1549,MASKED,AI020,2025-12-16 11:37:36.952,CONFIRMED,MASKED,24A,MASKED,MASKED,True
B1550,MASKED,6F079,2025-12-06 11:37:36.952,CONFIRMED,MASKED,10D,MASKED,MASKED,True
B1552,MASKED,UK046,2026-02-06 11:37:36.952,PENDING,MASKED,32D,MASKED,MASKED,True
B1553,MASKED,SJ217,2025-11-15 11:37:36.952,CONFIRMED,MASKED,33D,MASKED,MASKED,True
B1554,MASKED,6F142,2025-08-26 11:37:36.952,CANCELLED,MASKED,8D,MASKED,MASKED,True
B1555,MASKED,SJ139,2026-04-04 11:37:36.952,CONFIRMED,MASKED,3B,MASKED,MASKED,True
B1556,MASKED,6F059,2026-01-18 11:37:36.952,CANCELLED,MASKED,31D,MASKED,MASKED,True
B1557,MASKED,6F067,2025-08-10 11:37:36.952,PENDING,MASKED,17A,MASKED,MASKED,True
B1558,MASKED,AI007,2025-08-07 11:37:36.952,PENDING,MASKED,27A,MASKED,MASKED,True
B1559,MASKED,UK202,2026-01-20 11:37:36.952,CONFIRMED,MASKED,5F,MASKED,MASKED,True
B1560,MASKED,AI200,2026-03-07 11:37:36.952,CONFIRMED,MASKED,18C,MASKED,MASKED,True
B1561,MASKED,UK172,2026-01-27 11:37:36.952,PENDING,MASKED,18C,MASKED,MASKED,True
B1562,MASKED,6F214,2025-05-01 11:37:36.952,CONFIRMED,MASKED,10B,MASKED,MASKED,True
B1563,MASKED,UK037,2025-09-11 11:37:36.952,PENDING,MASKED,27B,MASKED,MASKED,True
B1564,MASKED,AI022,2025-08-14 11:37:36.952,PENDING,MASKED,17F,MASKED,MASKED,True
B1565,MASKED,AI243,2026-02-06 11:37:36.952,CANCELLED,MASKED,20D,MASKED,MASKED,True
B1566,MASKED,SJ174,2025-10-08 11:37:36.952,CONFIRMED,MASKED,29F,MASKED,MASKED,True
B1567,MASKED,SJ079,2025-11-13 11:37:36.952,PENDING,MASKED,9A,MASKED,MASKED,True
B1568,MASKED,UK097,2025-12-21 11:37:36.952,CONFIRMED,MASKED,21A,MASKED,MASKED,True
B1569,MASKED,AI013,2025-12-26 11:37:36.952,CANCELLED,MASKED,14E,MASKED,MASKED,True
B1570,MASKED,UK196,2025-11-21 11:37:36.952,CANCELLED,MASKED,25E,MASKED,MASKED,True
B1571,MASKED,SJ213,2025-11-06 11:37:36.952,CONFIRMED,MASKED,2C,MASKED,MASKED,True
B1572,MASKED,UK119,2025-05-26 11:37:36.952,CONFIRMED,MASKED,5D,MASKED,MASKED,True
B1573,MASKED,AI043,2026-03-18 11:37:36.952,PENDING,MASKED,19B,MASKED,MASKED,True
B1574,MASKED,AI043,2025-04-29 11:37:36.952,CANCELLED,MASKED,18A,MASKED,MASKED,True
B1575,MASKED,AI143,2025-06-16 11:37:36.952,CANCELLED,MASKED,2B,MASKED,MASKED,True
B1577,MASKED,6F050,2026-01-24 11:37:36.952,CONFIRMED,MASKED,23A,MASKED,MASKED,True
B1578,MASKED,AI134,2025-12-25 11:37:36.952,PENDING,MASKED,6B,MASKED,MASKED,True
B1579,MASKED,6F182,2025-04-24 11:37:36.952,CONFIRMED,MASKED,28E,MASKED,MASKED,True
B1580,MASKED,SJ086,2025-10-08 11:37:36.952,CONFIRMED,MASKED,20D,MASKED,MASKED,True
B1581,MASKED,6F170,2025-08-06 11:37:36.952,CONFIRMED,MASKED,3D,MASKED,MASKED,True
B1582,MASKED,UK168,2025-04-24 11:37:36.952,PENDING,MASKED,34B,MASKED,MASKED,True
B1584,MASKED,UK075,2025-04-28 11:37:36.952,CANCELLED,MASKED,21C,MASKED,MASKED,True
B1585,MASKED,6F233,2026-01-08 11:37:36.952,CANCELLED,MASKED,1C,MASKED,MASKED,True
B1586,MASKED,SJ143,2025-11-13 11:37:36.952,CANCELLED,MASKED,25B,MASKED,MASKED,True
B1587,MASKED,SJ246,2025-06-28 11:37:36.952,PENDING,MASKED,34E,MASKED,MASKED,True
B1588,MASKED,SJ247,2025-11-04 11:37:36.952,CONFIRMED,MASKED,10B,MASKED,MASKED,True
B1589,MASKED,UK157,2025-08-31 11:37:36.952,PENDING,MASKED,3D,MASKED,MASKED,True
B1590,MASKED,UK069,2026-04-01 11:37:36.952,CONFIRMED,MASKED,25B,MASKED,MASKED,True
B1591,MASKED,AI106,2025-11-20 11:37:36.952,CANCELLED,MASKED,8A,MASKED,MASKED,True
B1592,MASKED,UK085,2025-11-17 11:37:36.952,CONFIRMED,MASKED,24F,MASKED,MASKED,True
B1594,MASKED,AI067,2025-06-01 11:37:36.952,CONFIRMED,MASKED,25E,MASKED,MASKED,True
B1595,MASKED,6F226,2026-01-07 11:37:36.952,PENDING,MASKED,4E,MASKED,MASKED,True
B1596,MASKED,SJ210,2025-12-20 11:37:36.952,CONFIRMED,MASKED,15E,MASKED,MASKED,True
B1597,MASKED,6F269,2025-10-23 11:37:36.952,CONFIRMED,MASKED,33A,MASKED,MASKED,True
B1598,MASKED,UK013,2026-01-02 11:37:36.952,CONFIRMED,MASKED,11B,MASKED,MASKED,True
B1599,MASKED,UK013,2025-09-30 11:37:36.952,PENDING,MASKED,9E,MASKED,MASKED,True
B1600,MASKED,UK143,2025-07-20 11:37:36.952,PENDING,MASKED,2C,MASKED,MASKED,True
B1601,MASKED,6F262,2025-09-07 11:37:36.952,PENDING,MASKED,28D,MASKED,MASKED,True
B1603,MASKED,SJ118,2025-12-06 11:37:36.952,CANCELLED,MASKED,17E,MASKED,MASKED,True
B1604,MASKED,SJ118,2025-11-17 11:37:36.952,CANCELLED,MASKED,3C,MASKED,MASKED,True
B1605,MASKED,SJ082,2025-10-03 11:37:36.952,CANCELLED,MASKED,6C,MASKED,MASKED,True
B1606,MASKED,6F015,2025-07-18 11:37:36.952,CONFIRMED,MASKED,23E,MASKED,MASKED,True
B1608,MASKED,SJ110,2025-06-28 11:37:36.952,CANCELLED,MASKED,10B,MASKED,MASKED,True
B1609,MASKED,SJ042,2025-10-21 11:37:36.952,CANCELLED,MASKED,19D,MASKED,MASKED,True
B1610,MASKED,6F145,2025-10-13 11:37:36.952,CONFIRMED,MASKED,27A,MASKED,MASKED,True
B1611,MASKED,UK029,2026-01-05 11:37:36.952,CANCELLED,MASKED,14C,MASKED,MASKED,True
B1612,MASKED,SJ200,2025-04-18 11:37:36.952,CANCELLED,MASKED,28C,MASKED,MASKED,True
B1613,MASKED,SJ209,2026-01-29 11:37:36.952,CONFIRMED,MASKED,6A,MASKED,MASKED,True
B1615,MASKED,6F117,2025-05-23 11:37:36.952,CANCELLED,MASKED,33B,MASKED,MASKED,True
B1616,MASKED,SJ181,2025-12-23 11:37:36.952,PENDING,MASKED,17A,MASKED,MASKED,True
B1618,MASKED,AI070,2026-01-19 11:37:36.952,CONFIRMED,MASKED,1B,MASKED,MASKED,True
B1619,MASKED,UK042,2026-02-05 11:37:36.952,PENDING,MASKED,13A,MASKED,MASKED,True
B1620,MASKED,AI169,2026-02-24 11:37:36.952,PENDING,MASKED,1B,MASKED,MASKED,True
B1621,MASKED,6F021,2025-12-21 11:37:36.952,PENDING,MASKED,27A,MASKED,MASKED,True
B1622,MASKED,SJ046,2025-06-23 11:37:36.952,PENDING,MASKED,19F,MASKED,MASKED,True
B1623,MASKED,AI211,2025-08-17 11:37:36.952,CANCELLED,MASKED,22B,MASKED,MASKED,True
B1624,MASKED,SJ091,2025-12-20 11:37:36.952,CANCELLED,MASKED,34F,MASKED,MASKED,True
B1625,MASKED,AI123,2026-04-05 11:37:36.952,PENDING,MASKED,7D,MASKED,MASKED,True
B1626,MASKED,6F053,2025-04-17 11:37:36.952,CANCELLED,MASKED,25C,MASKED,MASKED,True
B1627,MASKED,UK012,2026-01-09 11:37:36.952,PENDING,MASKED,27E,MASKED,MASKED,True
B1628,MASKED,6F023,2025-11-25 11:37:36.952,PENDING,MASKED,33A,MASKED,MASKED,True
B1629,MASKED,AI250,2026-01-02 11:37:36.952,CONFIRMED,MASKED,11A,MASKED,MASKED,True
B1630,MASKED,AI238,2026-04-07 11:37:36.952,PENDING,MASKED,26F,MASKED,MASKED,True
B1631,MASKED,UK096,2026-02-17 11:37:36.952,CANCELLED,MASKED,24F,MASKED,MASKED,True
B1632,MASKED,UK126,2026-03-30 11:37:36.952,PENDING,MASKED,1D,MASKED,MASKED,True
B1633,MASKED,SJ195,2025-08-30 11:37:36.952,CONFIRMED,MASKED,8E,MASKED,MASKED,True
B1634,MASKED,SJ171,2025-12-25 11:37:36.952,CANCELLED,MASKED,1C,MASKED,MASKED,True
B1637,MASKED,6F035,2025-12-01 11:37:36.952,PENDING,MASKED,27C,MASKED,MASKED,True
B1638,MASKED,UK088,2026-02-23 11:37:36.952,CONFIRMED,MASKED,22C,MASKED,MASKED,True
B1639,MASKED,6F009,2025-09-14 11:37:36.952,CONFIRMED,MASKED,24E,MASKED,MASKED,True
B1640,MASKED,6F004,2026-01-28 11:37:36.952,CANCELLED,MASKED,30B,MASKED,MASKED,True
B1642,MASKED,AI251,2026-02-15 11:37:36.952,PENDING,MASKED,4E,MASKED,MASKED,True
B1643,MASKED,AI027,2026-02-04 11:37:36.952,PENDING,MASKED,14A,MASKED,MASKED,True
B1644,MASKED,SJ165,2025-10-20 11:37:36.952,PENDING,MASKED,20E,MASKED,MASKED,True
B1645,MASKED,UK081,2025-08-16 11:37:36.952,CONFIRMED,MASKED,17D,MASKED,MASKED,True
B1646,MASKED,UK191,2025-09-27 11:37:36.952,CANCELLED,MASKED,28C,MASKED,MASKED,True
B1647,MASKED,SJ188,2025-11-06 11:37:36.952,PENDING,MASKED,14F,MASKED,MASKED,True
B1648,MASKED,6F016,2025-08-09 11:37:36.952,CONFIRMED,MASKED,33D,MASKED,MASKED,True
B1649,MASKED,6F064,2026-04-05 11:37:36.952,PENDING,MASKED,4F,MASKED,MASKED,True
B1651,MASKED,SJ054,2025-09-09 11:37:36.952,CANCELLED,MASKED,21B,MASKED,MASKED,True
B1652,MASKED,6F197,2025-12-19 11:37:36.952,PENDING,MASKED,23C,MASKED,MASKED,True
B1653,MASKED,AI040,2026-03-26 11:37:36.952,CANCELLED,MASKED,31B,MASKED,MASKED,True
B1655,MASKED,6F141,2025-10-09 11:37:36.952,PENDING,MASKED,7D,MASKED,MASKED,True
B1656,MASKED,UK035,2025-05-12 11:37:36.952,CONFIRMED,MASKED,26E,MASKED,MASKED,True
B1657,MASKED,AI005,2025-08-28 11:37:36.952,CONFIRMED,MASKED,12B,MASKED,MASKED,True
B1658,MASKED,AI001,2025-06-22 11:37:36.952,CONFIRMED,MASKED,18D,MASKED,MASKED,True
B1659,MASKED,UK211,2026-01-17 11:37:36.952,PENDING,MASKED,6D,MASKED,MASKED,True
B1660,MASKED,SJ189,2026-04-04 11:37:36.952,CANCELLED,MASKED,12D,MASKED,MASKED,True
B1661,MASKED,UK006,2025-04-21 11:37:36.952,PENDING,MASKED,18D,MASKED,MASKED,True
B1662,MASKED,6F189,2025-10-13 11:37:36.952,CONFIRMED,MASKED,17A,MASKED,MASKED,True
B1663,MASKED,AI133,2025-05-16 11:37:36.952,CANCELLED,MASKED,15B,MASKED,MASKED,True
B1664,MASKED,SJ216,2025-11-08 11:37:36.952,CONFIRMED,MASKED,25B,MASKED,MASKED,True
B1665,MASKED,SJ133,2026-03-04 11:37:36.952,CANCELLED,MASKED,29D,MASKED,MASKED,True
B1666,MASKED,UK082,2026-03-05 11:37:36.952,PENDING,MASKED,32C,MASKED,MASKED,True
B1667,MASKED,6F136,2026-02-16 11:37:36.952,CANCELLED,MASKED,32C,MASKED,MASKED,True
B1668,MASKED,6F039,2025-04-30 11:37:36.952,PENDING,MASKED,3B,MASKED,MASKED,True
B1669,MASKED,AI011,2025-06-16 11:37:36.952,CONFIRMED,MASKED,3E,MASKED,MASKED,True
B1670,MASKED,SJ225,2025-05-12 11:37:36.952,CANCELLED,MASKED,16C,MASKED,MASKED,True
B1671,MASKED,SJ024,2025-07-08 11:37:36.952,CONFIRMED,MASKED,22C,MASKED,MASKED,True
B1672,MASKED,AI109,2025-08-01 11:37:36.952,CANCELLED,MASKED,14E,MASKED,MASKED,True
B1674,MASKED,UK057,2025-11-03 11:37:36.952,CANCELLED,MASKED,18C,MASKED,MASKED,True
B1675,MASKED,6F111,2025-08-01 11:37:36.952,CANCELLED,MASKED,9A,MASKED,MASKED,True
B1676,MASKED,AI197,2026-04-14 11:37:36.952,PENDING,MASKED,24C,MASKED,MASKED,True
B1677,MASKED,UK127,2026-01-31 11:37:36.952,PENDING,MASKED,29C,MASKED,MASKED,True
B1678,MASKED,6F240,2025-12-31 11:37:36.952,PENDING,MASKED,24B,MASKED,MASKED,True
B1679,MASKED,6F257,2025-08-17 11:37:36.952,CANCELLED,MASKED,25A,MASKED,MASKED,True
B1681,MASKED,SJ135,2026-04-02 11:37:36.952,CANCELLED,MASKED,15C,MASKED,MASKED,True
B1682,MASKED,UK112,2025-07-10 11:37:36.952,CANCELLED,MASKED,20B,MASKED,MASKED,True
B1683,MASKED,AI050,2025-08-07 11:37:36.952,CONFIRMED,MASKED,9C,MASKED,MASKED,True
B1684,MASKED,UK060,2025-11-18 11:37:36.952,PENDING,MASKED,8E,MASKED,MASKED,True
B1685,MASKED,SJ183,2025-05-15 11:37:36.952,CANCELLED,MASKED,25E,MASKED,MASKED,True
B1686,MASKED,UK138,2025-11-17 11:37:36.952,CONFIRMED,MASKED,23E,MASKED,MASKED,True
B1687,MASKED,SJ071,2025-10-12 11:37:36.952,PENDING,MASKED,22F,MASKED,MASKED,True
B1688,MASKED,AI057,2025-06-14 11:37:36.952,PENDING,MASKED,9D,MASKED,MASKED,True
B1689,MASKED,SJ151,2025-07-10 11:37:36.952,CANCELLED,MASKED,20B,MASKED,MASKED,True
B1690,MASKED,SJ144,2025-06-28 11:37:36.952,PENDING,MASKED,12C,MASKED,MASKED,True
B1691,MASKED,SJ087,2026-01-23 11:37:36.952,PENDING,MASKED,12E,MASKED,MASKED,True
B1692,MASKED,SJ066,2026-04-02 11:37:36.952,CONFIRMED,MASKED,18A,MASKED,MASKED,True
B1693,MASKED,AI247,2026-01-02 11:37:36.952,CONFIRMED,MASKED,11F,MASKED,MASKED,True
B1694,MASKED,SJ102,2026-04-01 11:37:36.952,PENDING,MASKED,24D,MASKED,MASKED,True
B1695,MASKED,6F252,2026-04-13 11:37:36.952,CONFIRMED,MASKED,4F,MASKED,MASKED,True
B1696,MASKED,6F055,2025-11-28 11:37:36.952,PENDING,MASKED,11C,MASKED,MASKED,True
B1697,MASKED,AI204,2025-11-12 11:37:36.952,CANCELLED,MASKED,34B,MASKED,MASKED,True
B1698,MASKED,AI016,2026-02-02 11:37:36.952,CONFIRMED,MASKED,31D,MASKED,MASKED,True
B1699,MASKED,AI209,2025-12-11 11:37:36.952,PENDING,MASKED,15D,MASKED,MASKED,True
B1700,MASKED,SJ211,2026-01-04 11:37:36.952,PENDING,MASKED,14B,MASKED,MASKED,True
B1701,MASKED,6F103,2025-10-16 11:37:36.952,CONFIRMED,MASKED,13F,MASKED,MASKED,True
B1702,MASKED,UK182,2025-04-22 11:37:36.952,CONFIRMED,MASKED,31F,MASKED,MASKED,True
B1703,MASKED,6F264,2025-12-25 11:37:36.952,CANCELLED,MASKED,19B,MASKED,MASKED,True
B1704,MASKED,6F027,2025-07-23 11:37:36.952,PENDING,MASKED,29A,MASKED,MASKED,True
B1705,MASKED,UK198,2026-01-31 11:37:36.952,CANCELLED,MASKED,3B,MASKED,MASKED,True
B1706,MASKED,6F171,2025-09-07 11:37:36.952,CANCELLED,MASKED,15C,MASKED,MASKED,True
B1707,MASKED,AI004,2025-07-05 11:37:36.952,CANCELLED,MASKED,1B,MASKED,MASKED,True
B1708,MASKED,6F157,2025-11-22 11:37:36.952,CONFIRMED,MASKED,3C,MASKED,MASKED,True
B1709,MASKED,AI018,2025-10-03 11:37:36.952,CANCELLED,MASKED,22B,MASKED,MASKED,True
B1710,MASKED,UK098,2025-08-05 11:37:36.952,CONFIRMED,MASKED,21E,MASKED,MASKED,True
B1712,MASKED,AI228,2025-09-06 11:37:36.952,CANCELLED,MASKED,17C,MASKED,MASKED,True
B1713,MASKED,SJ242,2025-08-31 11:37:36.952,CANCELLED,MASKED,17D,MASKED,MASKED,True
B1714,MASKED,6F227,2025-12-11 11:37:36.952,PENDING,MASKED,34C,MASKED,MASKED,True
B1715,MASKED,6F037,2025-08-27 11:37:36.952,CANCELLED,MASKED,20C,MASKED,MASKED,True
B1716,MASKED,6F107,2025-12-22 11:37:36.952,PENDING,MASKED,28A,MASKED,MASKED,True
B1717,MASKED,SJ125,2025-11-06 11:37:36.952,CANCELLED,MASKED,14A,MASKED,MASKED,True
B1718,MASKED,UK117,2025-06-17 11:37:36.952,CANCELLED,MASKED,9B,MASKED,MASKED,True
B1719,MASKED,6F192,2025-11-12 11:37:36.952,CANCELLED,MASKED,29E,MASKED,MASKED,True
B1720,MASKED,AI201,2025-11-27 11:37:36.952,CANCELLED,MASKED,27B,MASKED,MASKED,True
B1721,MASKED,SJ126,2026-03-25 11:37:36.952,PENDING,MASKED,21A,MASKED,MASKED,True
B1722,MASKED,AI177,2026-02-10 11:37:36.952,PENDING,MASKED,5E,MASKED,MASKED,True
B1723,MASKED,AI092,2025-12-23 11:37:36.952,CANCELLED,MASKED,26B,MASKED,MASKED,True
B1724,MASKED,6F076,2025-10-10 11:37:36.952,CANCELLED,MASKED,11D,MASKED,MASKED,True
B1725,MASKED,AI185,2025-04-29 11:37:36.952,PENDING,MASKED,1E,MASKED,MASKED,True
B1726,MASKED,AI055,2025-05-14 11:37:36.952,CONFIRMED,MASKED,2B,MASKED,MASKED,True
B1727,MASKED,6F222,2026-03-15 11:37:36.952,CONFIRMED,MASKED,27D,MASKED,MASKED,True
B1728,MASKED,AI090,2025-12-12 11:37:36.952,CONFIRMED,MASKED,1C,MASKED,MASKED,True
B1729,MASKED,AI183,2025-06-03 11:37:36.952,PENDING,MASKED,4F,MASKED,MASKED,True
B1730,MASKED,AI041,2025-04-29 11:37:36.952,PENDING,MASKED,25F,MASKED,MASKED,True
B1731,MASKED,6F210,2025-07-12 11:37:36.952,CONFIRMED,MASKED,25F,MASKED,MASKED,True
B1732,MASKED,AI170,2026-01-15 11:37:36.952,CONFIRMED,MASKED,3A,MASKED,MASKED,True
B1733,MASKED,SJ008,2026-04-16 11:37:36.952,CANCELLED,MASKED,2E,MASKED,MASKED,True
B1734,MASKED,AI049,2025-09-29 11:37:36.952,PENDING,MASKED,27E,MASKED,MASKED,True
B1735,MASKED,SJ132,2025-05-12 11:37:36.952,PENDING,MASKED,34E,MASKED,MASKED,True
B1736,MASKED,SJ224,2026-01-26 11:37:36.952,CONFIRMED,MASKED,28E,MASKED,MASKED,True
B1737,MASKED,UK038,2025-06-11 11:37:36.952,CONFIRMED,MASKED,1E,MASKED,MASKED,True
B1738,MASKED,SJ220,2025-08-14 11:37:36.952,PENDING,MASKED,27B,MASKED,MASKED,True
B1739,MASKED,6F124,2025-06-29 11:37:36.952,CANCELLED,MASKED,34F,MASKED,MASKED,True
B1740,MASKED,SJ164,2025-11-16 11:37:36.952,CONFIRMED,MASKED,14D,MASKED,MASKED,True
B1741,MASKED,AI026,2025-05-18 11:37:36.952,PENDING,MASKED,18E,MASKED,MASKED,True
B1742,MASKED,6F144,2025-09-14 11:37:36.952,PENDING,MASKED,16D,MASKED,MASKED,True
B1744,MASKED,UK139,2025-09-05 11:37:36.952,CANCELLED,MASKED,10A,MASKED,MASKED,True
B1745,MASKED,UK139,2025-05-20 11:37:36.952,CONFIRMED,MASKED,27B,MASKED,MASKED,True
B1746,MASKED,SJ140,2025-08-31 11:37:36.952,CONFIRMED,MASKED,34D,MASKED,MASKED,True
B1747,MASKED,6F131,2025-04-20 11:37:36.952,CONFIRMED,MASKED,9F,MASKED,MASKED,True
B1748,MASKED,UK128,2025-11-15 11:37:36.952,PENDING,MASKED,9A,MASKED,MASKED,True
B1749,MASKED,SJ219,2026-02-19 11:37:36.952,CONFIRMED,MASKED,23D,MASKED,MASKED,True
B1750,MASKED,SJ159,2025-09-21 11:37:36.952,PENDING,MASKED,33D,MASKED,MASKED,True
B1751,MASKED,UK192,2025-09-19 11:37:36.952,CONFIRMED,MASKED,17E,MASKED,MASKED,True
B1752,MASKED,AI014,2025-08-13 11:37:36.952,CANCELLED,MASKED,34F,MASKED,MASKED,True
B1753,MASKED,SJ152,2025-08-08 11:37:36.952,CANCELLED,MASKED,5C,MASKED,MASKED,True
B1754,MASKED,SJ060,2026-02-11 11:37:36.952,PENDING,MASKED,3C,MASKED,MASKED,True
B1755,MASKED,AI127,2026-02-17 11:37:36.952,CANCELLED,MASKED,10F,MASKED,MASKED,True
B1756,MASKED,SJ096,2026-01-27 11:37:36.952,PENDING,MASKED,11F,MASKED,MASKED,True
B1757,MASKED,AI215,2025-04-24 11:37:36.952,PENDING,MASKED,22B,MASKED,MASKED,True
B1758,MASKED,UK009,2026-02-28 11:37:36.952,CANCELLED,MASKED,26B,MASKED,MASKED,True
B1759,MASKED,AI171,2025-10-26 11:37:36.952,PENDING,MASKED,16F,MASKED,MASKED,True
B1760,MASKED,UK151,2026-01-14 11:37:36.952,CANCELLED,MASKED,31B,MASKED,MASKED,True
B1761,MASKED,AI099,2025-05-22 11:37:36.952,CONFIRMED,MASKED,15A,MASKED,MASKED,True
B1762,MASKED,UK050,2025-06-04 11:37:36.952,CONFIRMED,MASKED,32B,MASKED,MASKED,True
B1763,MASKED,UK092,2025-10-06 11:37:36.952,CANCELLED,MASKED,3B,MASKED,MASKED,True
B1764,MASKED,SJ058,2025-06-20 11:37:36.952,CANCELLED,MASKED,13B,MASKED,MASKED,True
B1765,MASKED,SJ090,2025-12-21 11:37:36.952,CANCELLED,MASKED,1C,MASKED,MASKED,True
B1766,MASKED,6F173,2025-09-07 11:37:36.952,CANCELLED,MASKED,1F,MASKED,MASKED,True
B1767,MASKED,AI186,2025-11-19 11:37:36.952,CONFIRMED,MASKED,6D,MASKED,MASKED,True
B1768,MASKED,AI130,2026-03-23 11:37:36.952,PENDING,MASKED,13C,MASKED,MASKED,True
B1770,MASKED,6F203,2025-08-04 11:37:36.952,CONFIRMED,MASKED,8D,MASKED,MASKED,True
B1771,MASKED,6F138,2025-05-24 11:37:36.952,PENDING,MASKED,1F,MASKED,MASKED,True
B1773,MASKED,AI074,2026-01-01 11:37:36.952,PENDING,MASKED,16E,MASKED,MASKED,True
B1774,MASKED,UK161,2026-01-07 11:37:36.952,CANCELLED,MASKED,1B,MASKED,MASKED,True
B1775,MASKED,AI008,2025-06-19 11:37:36.952,CANCELLED,MASKED,14B,MASKED,MASKED,True
B1776,MASKED,UK121,2025-12-27 11:37:36.952,CANCELLED,MASKED,17A,MASKED,MASKED,True
B1777,MASKED,6F154,2025-04-26 11:37:36.952,CONFIRMED,MASKED,11A,MASKED,MASKED,True
B1778,MASKED,6F161,2025-08-01 11:37:36.952,CONFIRMED,MASKED,10D,MASKED,MASKED,True
B1779,MASKED,6F153,2026-02-01 11:37:36.952,PENDING,MASKED,22B,MASKED,MASKED,True
B1780,MASKED,6F225,2026-02-10 11:37:36.952,PENDING,MASKED,11B,MASKED,MASKED,True
B1781,MASKED,AI191,2026-02-09 11:37:36.952,PENDING,MASKED,18C,MASKED,MASKED,True
B1782,MASKED,AI218,2025-08-18 11:37:36.952,CONFIRMED,MASKED,25F,MASKED,MASKED,True
B1783,MASKED,6F267,2025-09-28 11:37:36.952,PENDING,MASKED,25D,MASKED,MASKED,True
B1784,MASKED,UK125,2025-08-20 11:37:36.952,CANCELLED,MASKED,1B,MASKED,MASKED,True
B1785,MASKED,6F208,2025-08-19 11:37:36.952,PENDING,MASKED,1B,MASKED,MASKED,True
B1786,MASKED,6F119,2026-02-12 11:37:36.952,CANCELLED,MASKED,26B,MASKED,MASKED,True
B1787,MASKED,AI063,2025-07-11 11:37:36.952,CONFIRMED,MASKED,1E,MASKED,MASKED,True
B1788,MASKED,UK016,2025-06-05 11:37:36.952,CANCELLED,MASKED,2B,MASKED,MASKED,True
B1789,MASKED,6F048,2026-01-13 11:37:36.952,CANCELLED,MASKED,30F,MASKED,MASKED,True
B1790,MASKED,6F266,2025-04-23 11:37:36.952,CANCELLED,MASKED,28A,MASKED,MASKED,True
B1791,MASKED,AI167,2026-02-24 11:37:36.952,CONFIRMED,MASKED,3C,MASKED,MASKED,True
B1792,MASKED,6F165,2026-01-17 11:37:36.952,CONFIRMED,MASKED,8E,MASKED,MASKED,True
B1793,MASKED,SJ104,2025-11-25 11:37:36.952,CONFIRMED,MASKED,14C,MASKED,MASKED,True
B1794,MASKED,UK160,2025-06-26 11:37:36.952,CONFIRMED,MASKED,8D,MASKED,MASKED,True
B1795,MASKED,UK160,2026-03-21 11:37:36.952,PENDING,MASKED,9C,MASKED,MASKED,True
B1796,MASKED,SJ230,2025-11-28 11:37:36.952,CONFIRMED,MASKED,9B,MASKED,MASKED,True
B1797,MASKED,AI042,2025-06-03 11:37:36.952,CANCELLED,MASKED,1A,MASKED,MASKED,True
B1798,MASKED,UK197,2025-05-16 11:37:36.952,CONFIRMED,MASKED,23E,MASKED,MASKED,True
B1799,MASKED,AI107,2026-02-05 11:37:36.952,PENDING,MASKED,16E,MASKED,MASKED,True
B1800,MASKED,SJ128,2025-08-22 11:37:36.952,PENDING,MASKED,7F,MASKED,MASKED,True
B1801,MASKED,6F121,2026-04-14 11:37:36.952,PENDING,MASKED,34F,MASKED,MASKED,True
B1803,MASKED,SJ137,2026-02-21 11:37:36.952,CONFIRMED,MASKED,24F,MASKED,MASKED,True
B1804,MASKED,AI232,2025-11-12 11:37:36.952,CONFIRMED,MASKED,1F,MASKED,MASKED,True
B1805,MASKED,SJ113,2025-10-26 11:37:36.952,CONFIRMED,MASKED,14B,MASKED,MASKED,True
B1806,MASKED,AI117,2025-08-02 11:37:36.952,CANCELLED,MASKED,17A,MASKED,MASKED,True
B1807,MASKED,6F185,2025-06-28 11:37:36.952,CANCELLED,MASKED,12C,MASKED,MASKED,True
B1808,MASKED,AI194,2026-01-26 11:37:36.952,PENDING,MASKED,3B,MASKED,MASKED,True
B1809,MASKED,UK045,2026-04-09 11:37:36.952,PENDING,MASKED,13B,MASKED,MASKED,True
B1810,MASKED,6F228,2026-03-20 11:37:36.952,CONFIRMED,MASKED,34B,MASKED,MASKED,True
B1811,MASKED,SJ190,2026-04-04 11:37:36.952,CANCELLED,MASKED,25A,MASKED,MASKED,True
B1812,MASKED,AI156,2026-01-06 11:37:36.952,CANCELLED,MASKED,8A,MASKED,MASKED,True
B1814,MASKED,UK033,2025-06-22 11:37:36.952,CONFIRMED,MASKED,26C,MASKED,MASKED,True
B1815,MASKED,UK137,2025-05-01 11:37:36.952,PENDING,MASKED,3C,MASKED,MASKED,True
B1816,MASKED,UK214,2025-06-21 11:37:36.952,PENDING,MASKED,20F,MASKED,MASKED,True
B1817,MASKED,6F033,2025-06-07 11:37:36.952,PENDING,MASKED,28D,MASKED,MASKED,True
B1818,MASKED,AI114,2025-11-07 11:37:36.952,CONFIRMED,MASKED,26B,MASKED,MASKED,True
B1819,MASKED,AI017,2026-01-19 11:37:36.952,CONFIRMED,MASKED,21E,MASKED,MASKED,True
B1820,MASKED,6F244,2025-12-01 11:37:36.952,PENDING,MASKED,18E,MASKED,MASKED,True
B1821,MASKED,6F160,2025-11-27 11:37:36.952,PENDING,MASKED,1C,MASKED,MASKED,True
B1822,MASKED,6F088,2026-01-05 11:37:36.952,CANCELLED,MASKED,17D,MASKED,MASKED,True
B1823,MASKED,6F155,2025-11-26 11:37:36.952,CANCELLED,MASKED,19E,MASKED,MASKED,True
B1824,MASKED,AI095,2026-04-15 11:37:36.952,PENDING,MASKED,9B,MASKED,MASKED,True
B1825,MASKED,6F139,2025-05-17 11:37:36.952,PENDING,MASKED,5E,MASKED,MASKED,True
B1826,MASKED,6F101,2025-07-11 11:37:36.952,CANCELLED,MASKED,19A,MASKED,MASKED,True
B1827,MASKED,AI054,2025-06-23 11:37:36.952,PENDING,MASKED,20D,MASKED,MASKED,True
B1828,MASKED,SJ094,2025-05-18 11:37:36.952,CANCELLED,MASKED,25B,MASKED,MASKED,True
B1829,MASKED,6F217,2026-01-15 11:37:36.952,CANCELLED,MASKED,4E,MASKED,MASKED,True
B1830,MASKED,6F100,2026-04-15 11:37:36.952,CANCELLED,MASKED,23C,MASKED,MASKED,True
B1831,MASKED,6F081,2026-02-05 11:37:36.952,CONFIRMED,MASKED,21C,MASKED,MASKED,True
B1832,MASKED,SJ156,2025-06-17 11:37:36.952,CONFIRMED,MASKED,4D,MASKED,MASKED,True
B1833,MASKED,6F060,2025-06-07 11:37:36.952,PENDING,MASKED,27D,MASKED,MASKED,True
B1834,MASKED,UK129,2025-08-14 11:37:36.952,CANCELLED,MASKED,33E,MASKED,MASKED,True
B1835,MASKED,UK032,2026-02-07 11:37:36.952,CONFIRMED,MASKED,2E,MASKED,MASKED,True
B1836,MASKED,AI166,2025-09-23 11:37:36.952,PENDING,MASKED,13A,MASKED,MASKED,True
B1837,MASKED,SJ056,2025-10-31 11:37:36.952,PENDING,MASKED,22F,MASKED,MASKED,True
B1838,MASKED,SJ101,2025-06-12 11:37:36.952,PENDING,MASKED,18F,MASKED,MASKED,True
B1839,MASKED,SJ065,2025-05-09 11:37:36.952,PENDING,MASKED,9C,MASKED,MASKED,True
B1840,MASKED,SJ100,2025-04-19 11:37:36.952,PENDING,MASKED,34A,MASKED,MASKED,True
B1841,MASKED,UK011,2025-10-24 11:37:36.952,CANCELLED,MASKED,1E,MASKED,MASKED,True
B1842,MASKED,6F062,2026-02-17 11:37:36.952,PENDING,MASKED,3B,MASKED,MASKED,True
B1843,MASKED,SJ176,2025-08-15 11:37:36.952,CANCELLED,MASKED,23E,MASKED,MASKED,True
B1844,MASKED,6F120,2025-11-26 11:37:36.952,CONFIRMED,MASKED,3B,MASKED,MASKED,True
B1845,MASKED,AI121,2026-03-05 11:37:36.952,PENDING,MASKED,24A,MASKED,MASKED,True
B1846,MASKED,UK072,2025-08-30 11:37:36.952,CONFIRMED,MASKED,34F,MASKED,MASKED,True
B1847,MASKED,AI006,2026-04-06 11:37:36.952,CANCELLED,MASKED,11B,MASKED,MASKED,True
B1848,MASKED,SJ231,2025-05-19 11:37:36.952,CANCELLED,MASKED,30D,MASKED,MASKED,True
B1850,MASKED,6F110,2025-04-21 11:37:36.952,PENDING,MASKED,33B,MASKED,MASKED,True
B1851,MASKED,6F231,2025-11-26 11:37:36.952,PENDING,MASKED,2D,MASKED,MASKED,True
B1852,MASKED,6F095,2025-08-09 11:37:36.952,CONFIRMED,MASKED,33E,MASKED,MASKED,True
B1853,MASKED,UK054,2025-05-05 11:37:36.952,CONFIRMED,MASKED,18F,MASKED,MASKED,True
B1854,MASKED,SJ123,2025-08-10 11:37:36.952,CONFIRMED,MASKED,29D,MASKED,MASKED,True
B1855,MASKED,6F006,2026-01-04 11:37:36.952,PENDING,MASKED,3D,MASKED,MASKED,True
B1856,MASKED,UK226,2025-05-04 11:37:36.952,PENDING,MASKED,4E,MASKED,MASKED,True
B1857,MASKED,AI065,2026-03-07 11:37:36.952,PENDING,MASKED,17E,MASKED,MASKED,True
B1859,MASKED,AI195,2025-11-11 11:37:36.952,PENDING,MASKED,7B,MASKED,MASKED,True
B1861,MASKED,AI125,2025-10-15 11:37:36.952,CONFIRMED,MASKED,25E,MASKED,MASKED,True
B1862,MASKED,AI089,2025-10-05 11:37:36.952,PENDING,MASKED,21A,MASKED,MASKED,True
B1863,MASKED,UK019,2026-02-12 11:37:36.952,CONFIRMED,MASKED,22C,MASKED,MASKED,True
B1864,MASKED,UK078,2025-09-27 11:37:36.952,CANCELLED,MASKED,22C,MASKED,MASKED,True
B1865,MASKED,SJ009,2025-07-28 11:37:36.952,CANCELLED,MASKED,15E,MASKED,MASKED,True
B1866,MASKED,UK178,2026-01-28 11:37:36.952,CONFIRMED,MASKED,7A,MASKED,MASKED,True
B1867,MASKED,UK018,2025-11-23 11:37:36.952,CONFIRMED,MASKED,13D,MASKED,MASKED,True
B1868,MASKED,SJ059,2026-04-10 11:37:36.952,CANCELLED,MASKED,29E,MASKED,MASKED,True
B1869,MASKED,UK108,2026-02-04 11:37:36.952,CONFIRMED,MASKED,19C,MASKED,MASKED,True
B1870,MASKED,6F045,2025-04-25 11:37:36.952,CANCELLED,MASKED,5D,MASKED,MASKED,True
B1871,MASKED,AI144,2025-10-04 11:37:36.952,CANCELLED,MASKED,23E,MASKED,MASKED,True
B1872,MASKED,AI244,2025-07-09 11:37:36.952,PENDING,MASKED,26E,MASKED,MASKED,True
B1873,MASKED,6F265,2025-04-25 11:37:36.952,CONFIRMED,MASKED,11B,MASKED,MASKED,True
B1874,MASKED,6F108,2026-01-26 11:37:36.952,CONFIRMED,MASKED,16E,MASKED,MASKED,True
B1875,MASKED,6F069,2025-06-17 11:37:36.952,PENDING,MASKED,17D,MASKED,MASKED,True
B1876,MASKED,6F072,2025-06-14 11:37:36.952,CANCELLED,MASKED,18F,MASKED,MASKED,True
B1877,MASKED,6F096,2025-11-09 11:37:36.952,CONFIRMED,MASKED,33F,MASKED,MASKED,True
B1878,MASKED,SJ233,2025-12-31 11:37:36.952,PENDING,MASKED,31D,MASKED,MASKED,True
B1879,MASKED,AI203,2025-12-03 11:37:36.952,PENDING,MASKED,9E,MASKED,MASKED,True
B1880,MASKED,UK147,2026-03-08 11:37:36.952,CONFIRMED,MASKED,2E,MASKED,MASKED,True
B1881,MASKED,UK039,2025-08-26 11:37:36.952,PENDING,MASKED,8E,MASKED,MASKED,True
B1882,MASKED,6F216,2025-10-17 11:37:36.952,CANCELLED,MASKED,18B,MASKED,MASKED,True
B1883,MASKED,AI214,2025-11-17 11:37:36.952,PENDING,MASKED,5B,MASKED,MASKED,True
B1884,MASKED,UK025,2025-08-31 11:37:36.952,CANCELLED,MASKED,31D,MASKED,MASKED,True
B1885,MASKED,UK053,2025-08-10 11:37:36.952,CANCELLED,MASKED,11B,MASKED,MASKED,True
B1887,MASKED,6F247,2026-03-09 11:37:36.952,PENDING,MASKED,23F,MASKED,MASKED,True
B1888,MASKED,6F159,2025-12-25 11:37:36.952,CANCELLED,MASKED,25C,MASKED,MASKED,True
B1889,MASKED,UK086,2026-02-24 11:37:36.952,CANCELLED,MASKED,22C,MASKED,MASKED,True
B1890,MASKED,6F102,2025-08-30 11:37:36.952,PENDING,MASKED,12E,MASKED,MASKED,True
B1891,MASKED,UK186,2026-01-26 11:37:36.952,CANCELLED,MASKED,18D,MASKED,MASKED,True
B1892,MASKED,6F032,2025-08-24 11:37:36.952,PENDING,MASKED,17F,MASKED,MASKED,True
B1893,MASKED,6F186,2025-08-02 11:37:36.952,CONFIRMED,MASKED,19A,MASKED,MASKED,True
B1894,MASKED,6F106,2026-02-24 11:37:36.952,CANCELLED,MASKED,4F,MASKED,MASKED,True
B1895,MASKED,AI021,2025-10-05 11:37:36.952,CANCELLED,MASKED,14E,MASKED,MASKED,True
B1896,MASKED,AI157,2025-11-30 11:37:36.952,PENDING,MASKED,11F,MASKED,MASKED,True
B1897,MASKED,6F054,2025-11-01 11:37:36.952,PENDING,MASKED,26F,MASKED,MASKED,True
B1898,MASKED,AI187,2025-10-03 11:37:36.952,PENDING,MASKED,10D,MASKED,MASKED,True
B1899,MASKED,SJ124,2025-09-28 11:37:36.952,PENDING,MASKED,4B,MASKED,MASKED,True
B1900,MASKED,SJ223,2025-10-06 11:37:36.952,CANCELLED,MASKED,11C,MASKED,MASKED,True
B1901,MASKED,UK103,2025-04-25 11:37:36.952,CONFIRMED,MASKED,21A,MASKED,MASKED,True
B1902,MASKED,SJ157,2026-02-08 11:37:36.952,CONFIRMED,MASKED,14F,MASKED,MASKED,True
B1903,MASKED,6F242,2025-11-06 11:37:36.952,CONFIRMED,MASKED,9B,MASKED,MASKED,True
B1904,MASKED,UK213,2025-07-01 11:37:36.952,CONFIRMED,MASKED,8B,MASKED,MASKED,True
B1905,MASKED,SJ120,2026-02-13 11:37:36.952,PENDING,MASKED,24B,MASKED,MASKED,True
B1906,MASKED,AI035,2025-08-11 11:37:36.952,CANCELLED,MASKED,22B,MASKED,MASKED,True
B1907,MASKED,6F147,2026-01-14 11:37:36.952,CANCELLED,MASKED,1B,MASKED,MASKED,True
B1908,MASKED,SJ229,2025-08-09 11:37:36.952,CANCELLED,MASKED,23B,MASKED,MASKED,True
B1909,MASKED,AI230,2025-11-14 11:37:36.952,PENDING,MASKED,31B,MASKED,MASKED,True
B1910,MASKED,UK162,2025-06-10 11:37:36.952,CANCELLED,MASKED,5C,MASKED,MASKED,True
B1911,MASKED,AI066,2025-05-29 11:37:36.952,PENDING,MASKED,27C,MASKED,MASKED,True
B1912,MASKED,6F205,2025-09-09 11:37:36.952,CANCELLED,MASKED,19D,MASKED,MASKED,True
B1913,MASKED,AI124,2025-05-24 11:37:36.952,CONFIRMED,MASKED,27B,MASKED,MASKED,True
B1914,MASKED,UK114,2025-10-19 11:37:36.952,PENDING,MASKED,20A,MASKED,MASKED,True
B1915,MASKED,AI231,2025-06-03 11:37:36.952,CANCELLED,MASKED,18B,MASKED,MASKED,True
B1916,MASKED,AI113,2025-10-30 11:37:36.952,CONFIRMED,MASKED,7D,MASKED,MASKED,True
B1918,MASKED,UK180,2025-10-07 11:37:36.952,CONFIRMED,MASKED,2B,MASKED,MASKED,True
B1919,MASKED,6F080,2026-03-17 11:37:36.952,PENDING,MASKED,7C,MASKED,MASKED,True
B1920,MASKED,SJ095,2025-05-11 11:37:36.952,PENDING,MASKED,14A,MASKED,MASKED,True
B1921,MASKED,SJ115,2025-04-24 11:37:36.952,CANCELLED,MASKED,21F,MASKED,MASKED,True
B1922,MASKED,AI142,2025-05-14 11:37:36.952,CONFIRMED,MASKED,7D,MASKED,MASKED,True
B1923,MASKED,UK169,2025-11-28 11:37:36.952,CANCELLED,MASKED,33F,MASKED,MASKED,True
B1924,MASKED,SJ041,2025-05-04 11:37:36.952,CANCELLED,MASKED,27D,MASKED,MASKED,True
B1925,MASKED,UK171,2025-04-20 11:37:36.952,CONFIRMED,MASKED,7D,MASKED,MASKED,True
B1926,MASKED,AI081,2025-11-27 11:37:36.952,CANCELLED,MASKED,18F,MASKED,MASKED,True
B1927,MASKED,AI162,2026-01-28 11:37:36.952,PENDING,MASKED,27D,MASKED,MASKED,True
B1928,MASKED,SJ037,2026-01-23 11:37:36.952,CANCELLED,MASKED,6F,MASKED,MASKED,True
B1929,MASKED,SJ037,2025-11-05 11:37:36.952,CONFIRMED,MASKED,6A,MASKED,MASKED,True
B1930,MASKED,UK080,2025-12-16 11:37:36.952,PENDING,MASKED,3B,MASKED,MASKED,True
B1931,MASKED,SJ031,2025-09-26 11:37:36.952,PENDING,MASKED,16C,MASKED,MASKED,True
B1932,MASKED,AI199,2025-12-28 11:37:36.952,CANCELLED,MASKED,4B,MASKED,MASKED,True
B1933,MASKED,6F082,2025-05-28 11:37:36.952,CANCELLED,MASKED,7B,MASKED,MASKED,True
B1934,MASKED,UK217,2026-04-12 11:37:36.952,PENDING,MASKED,9F,MASKED,MASKED,True
B1935,MASKED,UK014,2026-04-13 11:37:36.952,CANCELLED,MASKED,6C,MASKED,MASKED,True
B1936,MASKED,SJ180,2026-01-11 11:37:36.952,CONFIRMED,MASKED,14D,MASKED,MASKED,True
B1937,MASKED,6F268,2026-02-19 11:37:36.952,CANCELLED,MASKED,16E,MASKED,MASKED,True
B1938,MASKED,UK205,2026-04-07 11:37:36.952,CANCELLED,MASKED,19B,MASKED,MASKED,True
B1939,MASKED,SJ212,2025-07-22 11:37:36.952,PENDING,MASKED,22B,MASKED,MASKED,True
B1940,MASKED,UK052,2025-06-25 11:37:36.952,CANCELLED,MASKED,17C,MASKED,MASKED,True
B1941,MASKED,UK230,2025-06-13 11:37:36.952,CANCELLED,MASKED,19D,MASKED,MASKED,True
B1942,MASKED,AI145,2025-07-18 11:37:36.952,CANCELLED,MASKED,23D,MASKED,MASKED,True
B1943,MASKED,SJ035,2026-03-13 11:37:36.952,CONFIRMED,MASKED,7E,MASKED,MASKED,True
B1944,MASKED,SJ184,2025-07-20 11:37:36.952,CANCELLED,MASKED,10B,MASKED,MASKED,True
B1945,MASKED,6F207,2025-11-03 11:37:36.952,CONFIRMED,MASKED,24A,MASKED,MASKED,True
B1946,MASKED,UK144,2026-03-30 11:37:36.952,CONFIRMED,MASKED,15A,MASKED,MASKED,True
B1947,MASKED,AI126,2025-10-22 11:37:36.952,CONFIRMED,MASKED,1A,MASKED,MASKED,True
B1948,MASKED,SJ145,2025-05-19 11:37:36.952,CONFIRMED,MASKED,10A,MASKED,MASKED,True
B1949,MASKED,6F040,2025-05-16 11:37:36.952,PENDING,MASKED,15B,MASKED,MASKED,True
B1950,MASKED,UK049,2025-06-15 11:37:36.952,CONFIRMED,MASKED,21B,MASKED,MASKED,True
B1951,MASKED,UK049,2026-03-18 11:37:36.952,CANCELLED,MASKED,3F,MASKED,MASKED,True
B1952,MASKED,AI087,2025-10-18 11:37:36.952,CONFIRMED,MASKED,2C,MASKED,MASKED,True
B1953,MASKED,AI152,2025-05-24 11:37:36.952,CANCELLED,MASKED,19A,MASKED,MASKED,True
B1954,MASKED,SJ240,2025-11-06 11:37:36.952,CONFIRMED,MASKED,2A,MASKED,MASKED,True
B1955,MASKED,AI212,2025-09-14 11:37:36.952,PENDING,MASKED,22B,MASKED,MASKED,True
B1956,MASKED,AI064,2025-09-21 11:37:36.952,CONFIRMED,MASKED,3B,MASKED,MASKED,True
B1957,MASKED,6F093,2025-06-07 11:37:36.952,CONFIRMED,MASKED,32E,MASKED,MASKED,True
B1958,MASKED,AI118,2025-04-28 11:37:36.952,PENDING,MASKED,29C,MASKED,MASKED,True
B1959,MASKED,AI172,2025-12-19 11:37:36.952,CONFIRMED,MASKED,23D,MASKED,MASKED,True
B1960,MASKED,6F183,2026-01-30 11:37:36.952,CANCELLED,MASKED,27E,MASKED,MASKED,True
B1961,MASKED,6F200,2025-07-15 11:37:36.952,CONFIRMED,MASKED,28A,MASKED,MASKED,True
B1962,MASKED,SJ077,2025-12-23 11:37:36.952,CONFIRMED,MASKED,18C,MASKED,MASKED,True
B1963,MASKED,UK030,2026-02-24 11:37:36.952,CONFIRMED,MASKED,27F,MASKED,MASKED,True
B1964,MASKED,SJ232,2025-05-21 11:37:36.952,PENDING,MASKED,18B,MASKED,MASKED,True
B1965,MASKED,6F090,2026-01-29 11:37:36.952,CONFIRMED,MASKED,20D,MASKED,MASKED,True
B1966,MASKED,UK002,2025-11-06 11:37:36.952,CONFIRMED,MASKED,12B,MASKED,MASKED,True
B1967,MASKED,AI154,2025-07-03 11:37:36.952,CANCELLED,MASKED,22C,MASKED,MASKED,True
B1968,MASKED,6F089,2025-10-11 11:37:36.952,CONFIRMED,MASKED,2D,MASKED,MASKED,True
B1969,MASKED,6F218,2026-04-08 11:37:36.952,CONFIRMED,MASKED,29A,MASKED,MASKED,True
B1970,MASKED,6F241,2025-11-26 11:37:36.952,CONFIRMED,MASKED,12B,MASKED,MASKED,True
B1971,MASKED,6F116,2025-08-20 11:37:36.952,CONFIRMED,MASKED,2B,MASKED,MASKED,True
B1972,MASKED,UK199,2025-04-18 11:37:36.952,CANCELLED,MASKED,19B,MASKED,MASKED,True
B1973,MASKED,SJ033,2025-04-28 11:37:36.952,CANCELLED,MASKED,8C,MASKED,MASKED,True
B1974,MASKED,AI210,2025-08-03 11:37:36.952,PENDING,MASKED,15B,MASKED,MASKED,True
B1976,MASKED,AI229,2025-08-27 11:37:36.952,PENDING,MASKED,16F,MASKED,MASKED,True
B1977,MASKED,UK005,2026-01-01 11:37:36.952,PENDING,MASKED,4A,MASKED,MASKED,True
B1978,MASKED,SJ080,2025-12-07 11:37:36.952,CONFIRMED,MASKED,12C,MASKED,MASKED,True
B1979,MASKED,SJ092,2025-12-02 11:37:36.952,CANCELLED,MASKED,1F,MASKED,MASKED,True
B1980,MASKED,SJ055,2025-12-04 11:37:36.952,CANCELLED,MASKED,15A,MASKED,MASKED,True
B1981,MASKED,AI239,2025-05-17 11:37:36.952,CONFIRMED,MASKED,19D,MASKED,MASKED,True
B1984,MASKED,6F198,2025-04-25 11:37:36.952,CONFIRMED,MASKED,27F,MASKED,MASKED,True
B1985,MASKED,6F239,2025-09-28 11:37:36.952,CONFIRMED,MASKED,31F,MASKED,MASKED,True
B1986,MASKED,SJ177,2025-10-07 11:37:36.952,CONFIRMED,MASKED,13F,MASKED,MASKED,True
B1987,MASKED,6F044,2026-03-12 11:37:36.952,CANCELLED,MASKED,19F,MASKED,MASKED,True
B1988,MASKED,6F248,2026-02-17 11:37:36.952,PENDING,MASKED,13A,MASKED,MASKED,True
B1990,MASKED,SJ197,2026-03-31 11:37:36.952,CONFIRMED,MASKED,14B,MASKED,MASKED,True
B1991,MASKED,UK091,2026-01-14 11:37:36.952,CANCELLED,MASKED,22E,MASKED,MASKED,True
B1992,MASKED,6F215,2025-04-25 11:37:36.952,CONFIRMED,MASKED,25C,MASKED,MASKED,True
B1993,MASKED,AI093,2026-03-11 11:37:36.952,CANCELLED,MASKED,5B,MASKED,MASKED,True
B1994,MASKED,UK090,2026-03-31 11:37:36.952,CONFIRMED,MASKED,21D,MASKED,MASKED,True
B1995,MASKED,SJ005,2025-11-20 11:37:36.952,CANCELLED,MASKED,11C,MASKED,MASKED,True
B1996,MASKED,UK106,2025-08-08 11:37:36.952,CANCELLED,MASKED,27E,MASKED,MASKED,True
B1997,MASKED,6F223,2025-05-03 11:37:36.952,PENDING,MASKED,27B,MASKED,MASKED,True
B1998,MASKED,6F011,2025-10-23 11:37:36.952,CONFIRMED,MASKED,14C,MASKED,MASKED,True
