passenger_id,first_name,last_name,age,gender,email,phone,aadhaar_id,date_of_birth
P1000,MASKED,MASKED,52,F,MASKED,MASKED,MASKED,1974
P1001,MASKED,MASKED,15,M,MASKED,MASKED,MASKED,2011
P1002,MASKED,MASKED,72,M,MASKED,MASKED,MASKED,1954
P1003,MASKED,MASKED,61,F,MASKED,MASKED,MASKED,1965
P1004,MASKED,MASKED,21,M,MASKED,MASKED,MASKED,2005
P1005,MASKED,MASKED,83,M,MASKED,MASKED,MASKED,1943
P1006,MASKED,MASKED,87,M,MASKED,MASKED,MASKED,1939
P1007,MASKED,MASKED,75,M,MASKED,MASKED,MASKED,1951
P1008,MASKED,MASKED,75,M,MASKED,MASKED,MASKED,1951
P1009,MASKED,MASKED,88,M,MASKED,MASKED,MASKED,1938
P1010,MASKED,MASKED,24,M,MASKED,MASKED,MASKED,2002
P1011,MASKED,MASKED,3,M,MASKED,MASKED,MASKED,2023
P1012,MASKED,MASKED,22,M,MASKED,MASKED,MASKED,2004
P1013,MASKED,MASKED,53,M,MASKED,MASKED,MASKED,1973
P1014,MASKED,MASKED,2,F,MASKED,MASKED,MASKED,2024
P1015,MASKED,MASKED,88,F,MASKED,MASKED,MASKED,1938
P1016,MASKED,MASKED,30,M,MASKED,MASKED,MASKED,1996
P1017,MASKED,MASKED,38,F,MASKED,MASKED,MASKED,1988
P1018,MASKED,MASKED,2,F,MASKED,MASKED,MASKED,2024
P1019,MASKED,MASKED,64,M,MASKED,MASKED,MASKED,1962
P1020,MASKED,MASKED,60,M,MASKED,MASKED,MASKED,1966
P1021,MASKED,MASKED,21,M,MASKED,MASKED,MASKED,2005
P1022,MASKED,MASKED,33,F,MASKED,MASKED,MASKED,1993
P1023,MASKED,MASKED,76,F,MASKED,MASKED,MASKED,1950
P1024,MASKED,MASKED,58,M,MASKED,MASKED,MASKED,1968
P1025,MASKED,MASKED,22,M,MASKED,MASKED,MASKED,2004
P1026,MASKED,MASKED,89,M,MASKED,MASKED,MASKED,1937
P1027,MASKED,MASKED,49,F,MASKED,MASKED,MASKED,1977
P1028,MASKED,MASKED,59,F,MASKED,MASKED,MASKED,1967
P1029,MASKED,MASKED,42,F,MASKED,MASKED,MASKED,1984
P1030,MASKED,MASKED,60,F,MASKED,MASKED,MASKED,1966
P1031,MASKED,MASKED,80,M,MASKED,MASKED,MASKED,1946
P1032,MASKED,MASKED,15,M,MASKED,MASKED,MASKED,2011
P1033,MASKED,MASKED,62,M,MASKED,MASKED,MASKED,1964
P1034,MASKED,MASKED,62,M,MASKED,MASKED,MASKED,1964
P1035,MASKED,MASKED,47,F,MASKED,MASKED,MASKED,1979
P1036,MASKED,MASKED,62,F,MASKED,MASKED,MASKED,1964
P1037,MASKED,MASKED,51,M,MASKED,MASKED,MASKED,1975
P1038,MASKED,MASKED,55,M,MASKED,MASKED,MASKED,1971
P1039,MASKED,MASKED,64,F,MASKED,MASKED,MASKED,1962
P1040,MASKED,MASKED,3,M,MASKED,MASKED,MASKED,2023
P1041,MASKED,MASKED,51,F,MASKED,MASKED,MASKED,1975
P1042,MASKED,MASKED,7,M,MASKED,MASKED,MASKED,2019
P1043,MASKED,MASKED,21,M,MASKED,MASKED,MASKED,2005
P1044,MASKED,MASKED,73,M,MASKED,MASKED,MASKED,1953
P1045,MASKED,MASKED,39,M,MASKED,MASKED,MASKED,1987
P1046,MASKED,MASKED,18,M,MASKED,MASKED,MASKED,2008
P1047,MASKED,MASKED,4,M,MASKED,MASKED,MASKED,2022
P1048,MASKED,MASKED,89,M,MASKED,MASKED,MASKED,1937
P1049,MASKED,MASKED,60,F,MASKED,MASKED,MASKED,1966
P1050,MASKED,MASKED,14,F,MASKED,MASKED,MASKED,2012
P1051,MASKED,MASKED,9,F,MASKED,MASKED,MASKED,2017
P1052,MASKED,MASKED,53,F,MASKED,MASKED,MASKED,1973
P1053,MASKED,MASKED,2,F,MASKED,MASKED,MASKED,2024
P1054,MASKED,MASKED,84,M,MASKED,MASKED,MASKED,1942
P1055,MASKED,MASKED,60,M,MASKED,MASKED,MASKED,1966
P1056,MASKED,MASKED,71,F,MASKED,MASKED,MASKED,1955
P1057,MASKED,MASKED,44,M,MASKED,MASKED,MASKED,1982
P1058,MASKED,MASKED,8,F,MASKED,MASKED,MASKED,2018
P1059,MASKED,MASKED,47,F,MASKED,MASKED,MASKED,1979
P1060,MASKED,MASKED,35,M,MASKED,MASKED,MASKED,1991
P1061,MASKED,MASKED,78,M,MASKED,MASKED,MASKED,1948
P1062,MASKED,MASKED,81,M,MASKED,MASKED,MASKED,1945
P1063,MASKED,MASKED,36,F,MASKED,MASKED,MASKED,1990
P1064,MASKED,MASKED,50,M,MASKED,MASKED,MASKED,1976
P1065,MASKED,MASKED,4,F,MASKED,MASKED,MASKED,2022
P1066,MASKED,MASKED,2,F,MASKED,MASKED,MASKED,2024
P1067,MASKED,MASKED,6,F,MASKED,MASKED,MASKED,2020
P1068,MASKED,MASKED,54,M,MASKED,MASKED,MASKED,1972
P1069,MASKED,MASKED,4,M,MASKED,MASKED,MASKED,2022
P1070,MASKED,MASKED,54,F,MASKED,MASKED,MASKED,1972
P1071,MASKED,MASKED,63,M,MASKED,MASKED,MASKED,1963
P1072,MASKED,MASKED,18,M,MASKED,MASKED,MASKED,2008
P1073,MASKED,MASKED,44,M,MASKED,MASKED,MASKED,1982
P1074,MASKED,MASKED,34,F,MASKED,MASKED,MASKED,1992
P1075,MASKED,MASKED,74,F,MASKED,MASKED,MASKED,1952
P1076,MASKED,MASKED,62,M,MASKED,MASKED,MASKED,1964
P1077,MASKED,MASKED,14,F,MASKED,MASKED,MASKED,2012
P1078,MASKED,MASKED,48,M,MASKED,MASKED,MASKED,1978
P1079,MASKED,MASKED,15,M,MASKED,MASKED,MASKED,2011
P1080,MASKED,MASKED,72,M,MASKED,MASKED,MASKED,1954
P1081,MASKED,MASKED,78,M,MASKED,MASKED,MASKED,1948
P1082,MASKED,MASKED,87,F,MASKED,MASKED,MASKED,1939
P1083,MASKED,MASKED,62,F,MASKED,MASKED,MASKED,1964
P1084,MASKED,MASKED,40,F,MASKED,MASKED,MASKED,1986
P1085,MASKED,MASKED,85,M,MASKED,MASKED,MASKED,1941
P1086,MASKED,MASKED,80,M,MASKED,MASKED,MASKED,1946
P1087,MASKED,MASKED,82,M,MASKED,MASKED,MASKED,1944
P1088,MASKED,MASKED,53,F,MASKED,MASKED,MASKED,1973
P1089,MASKED,MASKED,24,M,MASKED,MASKED,MASKED,2002
P1090,MASKED,MASKED,26,F,MASKED,MASKED,MASKED,2000
P1091,MASKED,MASKED,89,F,MASKED,MASKED,MASKED,1937
P1092,MASKED,MASKED,60,F,MASKED,MASKED,MASKED,1966
P1093,MASKED,MASKED,41,F,MASKED,MASKED,MASKED,1985
P1094,MASKED,MASKED,29,F,MASKED,MASKED,MASKED,1997
P1095,MASKED,MASKED,15,F,MASKED,MASKED,MASKED,2011
P1096,MASKED,MASKED,45,M,MASKED,MASKED,MASKED,1981
P1097,MASKED,MASKED,65,M,MASKED,MASKED,MASKED,1961
P1098,MASKED,MASKED,89,F,MASKED,MASKED,MASKED,1937
P1099,MASKED,MASKED,71,F,MASKED,MASKED,MASKED,1955
P1100,MASKED,MASKED,9,M,MASKED,MASKED,MASKED,2017
P1101,MASKED,MASKED,88,F,MASKED,MASKED,MASKED,1938
P1102,MASKED,MASKED,1,F,MASKED,MASKED,MASKED,2025
P1103,MASKED,MASKED,8,M,MASKED,MASKED,MASKED,2018
P1104,MASKED,MASKED,88,F,MASKED,MASKED,MASKED,1938
P1105,MASKED,MASKED,63,F,MASKED,MASKED,MASKED,1963
P1106,MASKED,MASKED,11,F,MASKED,MASKED,MASKED,2015
P1107,MASKED,MASKED,81,M,MASKED,MASKED,MASKED,1945
P1108,MASKED,MASKED,8,M,MASKED,MASKED,MASKED,2018
P1109,MASKED,MASKED,35,M,MASKED,MASKED,MASKED,1991
P1110,MASKED,MASKED,35,F,MASKED,MASKED,MASKED,1991
P1111,MASKED,MASKED,33,F,MASKED,MASKED,MASKED,1993
P1112,MASKED,MASKED,5,M,MASKED,MASKED,MASKED,2021
P1113,MASKED,MASKED,41,F,MASKED,MASKED,MASKED,1985
P1114,MASKED,MASKED,28,F,MASKED,MASKED,MASKED,1998
P1115,MASKED,MASKED,7,F,MASKED,MASKED,MASKED,2019
P1116,MASKED,MASKED,73,F,MASKED,MASKED,MASKED,1953
P1117,MASKED,MASKED,72,F,MASKED,MASKED,MASKED,1954
P1118,MASKED,MASKED,12,M,MASKED,MASKED,MASKED,2014
P1119,MASKED,MASKED,34,F,MASKED,MASKED,MASKED,1992
P1120,MASKED,MASKED,33,M,MASKED,MASKED,MASKED,1993
P1121,MASKED,MASKED,48,F,MASKED,MASKED,MASKED,1978
P1122,MASKED,MASKED,23,M,MASKED,MASKED,MASKED,2003
P1123,MASKED,MASKED,62,F,MASKED,MASKED,MASKED,1964
P1124,MASKED,MASKED,88,M,MASKED,MASKED,MASKED,1938
P1125,MASKED,MASKED,37,F,MASKED,MASKED,MASKED,1989
P1126,MASKED,MASKED,44,M,MASKED,MASKED,MASKED,1982
P1127,MASKED,MASKED,86,F,MASKED,MASKED,MASKED,1940
P1128,MASKED,MASKED,35,M,MASKED,MASKED,MASKED,1991
P1129,MASKED,MASKED,65,F,MASKED,MASKED,MASKED,1961
P1130,MASKED,MASKED,47,M,MASKED,MASKED,MASKED,1979
P1131,MASKED,MASKED,78,M,MASKED,MASKED,MASKED,1948
P1132,MASKED,MASKED,3,F,MASKED,MASKED,MASKED,2023
P1133,MASKED,MASKED,1,F,MASKED,MASKED,MASKED,2025
P1134,MASKED,MASKED,5,M,MASKED,MASKED,MASKED,2021
P1135,MASKED,MASKED,14,F,MASKED,MASKED,MASKED,2012
P1136,MASKED,MASKED,27,M,MASKED,MASKED,MASKED,1999
P1137,MASKED,MASKED,9,M,MASKED,MASKED,MASKED,2017
P1138,MASKED,MASKED,79,M,MASKED,MASKED,MASKED,1947
P1139,MASKED,MASKED,15,F,MASKED,MASKED,MASKED,2011
P1140,MASKED,MASKED,42,M,MASKED,MASKED,MASKED,1984
P1141,MASKED,MASKED,77,M,MASKED,MASKED,MASKED,1949
P1142,MASKED,MASKED,51,F,MASKED,MASKED,MASKED,1975
P1143,MASKED,MASKED,63,F,MASKED,MASKED,MASKED,1963
P1144,MASKED,MASKED,52,F,MASKED,MASKED,MASKED,1974
P1145,MASKED,MASKED,4,F,MASKED,MASKED,MASKED,2022
P1146,MASKED,MASKED,23,M,MASKED,MASKED,MASKED,2003
P1147,MASKED,MASKED,15,M,MASKED,MASKED,MASKED,2011
P1148,MASKED,MASKED,43,M,MASKED,MASKED,MASKED,1983
P1149,MASKED,MASKED,29,M,MASKED,MASKED,MASKED,1997
P1150,MASKED,MASKED,36,F,MASKED,MASKED,MASKED,1990
P1151,MASKED,MASKED,13,M,MASKED,MASKED,MASKED,2013
P1152,MASKED,MASKED,32,M,MASKED,MASKED,MASKED,1994
P1153,MASKED,MASKED,71,F,MASKED,MASKED,MASKED,1955
P1154,MASKED,MASKED,59,M,MASKED,MASKED,MASKED,1967
P1155,MASKED,MASKED,86,M,MASKED,MASKED,MASKED,1940
P1156,MASKED,MASKED,28,M,MASKED,MASKED,MASKED,1998
P1157,MASKED,MASKED,66,M,MASKED,MASKED,MASKED,1960
P1158,MASKED,MASKED,42,M,MASKED,MASKED,MASKED,1984
P1159,MASKED,MASKED,45,M,MASKED,MASKED,MASKED,1981
P1160,MASKED,MASKED,62,F,MASKED,MASKED,MASKED,1964
P1161,MASKED,MASKED,57,F,MASKED,MASKED,MASKED,1969
P1162,MASKED,MASKED,6,M,MASKED,MASKED,MASKED,2020
P1163,MASKED,MASKED,28,M,MASKED,MASKED,MASKED,1998
P1164,MASKED,MASKED,28,F,MASKED,MASKED,MASKED,1998
P1165,MASKED,MASKED,44,M,MASKED,MASKED,MASKED,1982
P1166,MASKED,MASKED,84,M,MASKED,MASKED,MASKED,1942
P1167,MASKED,MASKED,30,M,MASKED,MASKED,MASKED,1996
P1168,MASKED,MASKED,62,F,MASKED,MASKED,MASKED,1964
P1169,MASKED,MASKED,75,M,MASKED,MASKED,MASKED,1951
P1170,MASKED,MASKED,89,F,MASKED,MASKED,MASKED,1937
P1171,MASKED,MASKED,62,M,MASKED,MASKED,MASKED,1964
P1172,MASKED,MASKED,1,F,MASKED,MASKED,MASKED,2025
P1173,MASKED,MASKED,27,F,MASKED,MASKED,MASKED,1999
P1174,MASKED,MASKED,62,M,MASKED,MASKED,MASKED,1964
P1175,MASKED,MASKED,77,F,MASKED,MASKED,MASKED,1949
P1176,MASKED,MASKED,3,M,MASKED,MASKED,MASKED,2023
P1177,MASKED,MASKED,70,F,MASKED,MASKED,MASKED,1956
P1178,MASKED,MASKED,72,M,MASKED,MASKED,MASKED,1954
P1179,MASKED,MASKED,27,M,MASKED,MASKED,MASKED,1999
P1180,MASKED,MASKED,9,F,MASKED,MASKED,MASKED,2017
P1181,MASKED,MASKED,62,M,MASKED,MASKED,MASKED,1964
P1182,MASKED,MASKED,37,M,MASKED,MASKED,MASKED,1989
P1183,MASKED,MASKED,51,F,MASKED,MASKED,MASKED,1975
P1184,MASKED,MASKED,44,M,MASKED,MASKED,MASKED,1982
P1185,MASKED,MASKED,24,M,MASKED,MASKED,MASKED,2002
P1186,MASKED,MASKED,79,F,MASKED,MASKED,MASKED,1947
P1187,MASKED,MASKED,59,F,MASKED,MASKED,MASKED,1967
P1188,MASKED,MASKED,32,M,MASKED,MASKED,MASKED,1994
P1189,MASKED,MASKED,88,M,MASKED,MASKED,MASKED,1938
P1190,MASKED,MASKED,52,F,MASKED,MASKED,MASKED,1974
P1191,MASKED,MASKED,62,F,MASKED,MASKED,MASKED,1964
P1192,MASKED,MASKED,58,M,MASKED,MASKED,MASKED,1968
P1193,MASKED,MASKED,52,F,MASKED,MASKED,MASKED,1974
P1194,MASKED,MASKED,12,M,MASKED,MASKED,MASKED,2014
P1195,MASKED,MASKED,39,M,MASKED,MASKED,MASKED,1987
P1196,MASKED,MASKED,2,M,MASKED,MASKED,MASKED,2024
P1197,MASKED,MASKED,3,M,MASKED,MASKED,MASKED,2023
P1198,MASKED,MASKED,56,M,MASKED,MASKED,MASKED,1970
P1199,MASKED,MASKED,81,F,MASKED,MASKED,MASKED,1945
P1200,MASKED,MASKED,59,F,MASKED,MASKED,MASKED,1967
P1201,MASKED,MASKED,2,F,MASKED,MASKED,MASKED,2024
P1202,MASKED,MASKED,2,F,MASKED,MASKED,MASKED,2024
P1203,MASKED,MASKED,54,M,MASKED,MASKED,MASKED,1972
P1204,MASKED,MASKED,87,M,MASKED,MASKED,MASKED,1939
P1205,MASKED,MASKED,1,M,MASKED,MASKED,MASKED,2025
P1206,MASKED,MASKED,19,M,MASKED,MASKED,MASKED,2007
P1207,MASKED,MASKED,2,F,MASKED,MASKED,MASKED,2024
P1208,MASKED,MASKED,53,M,MASKED,MASKED,MASKED,1973
P1209,MASKED,MASKED,44,M,MASKED,MASKED,MASKED,1982
P1210,MASKED,MASKED,32,F,MASKED,MASKED,MASKED,1994
P1211,MASKED,MASKED,70,F,MASKED,MASKED,MASKED,1956
P1212,MASKED,MASKED,32,F,MASKED,MASKED,MASKED,1994
P1213,MASKED,MASKED,68,F,MASKED,MASKED,MASKED,1958
P1214,MASKED,MASKED,55,M,MASKED,MASKED,MASKED,1971
P1215,MASKED,MASKED,75,M,MASKED,MASKED,MASKED,1951
P1216,MASKED,MASKED,56,F,MASKED,MASKED,MASKED,1970
P1217,MASKED,MASKED,17,M,MASKED,MASKED,MASKED,2009
P1218,MASKED,MASKED,38,M,MASKED,MASKED,MASKED,1988
P1219,MASKED,MASKED,24,M,MASKED,MASKED,MASKED,2002
P1220,MASKED,MASKED,69,F,MASKED,MASKED,MASKED,1957
P1221,MASKED,MASKED,70,M,MASKED,MASKED,MASKED,1956
P1222,MASKED,MASKED,86,F,MASKED,MASKED,MASKED,1940
P1223,MASKED,MASKED,11,M,MASKED,MASKED,MASKED,2015
P1224,MASKED,MASKED,16,M,MASKED,MASKED,MASKED,2010
P1225,MASKED,MASKED,73,M,MASKED,MASKED,MASKED,1953
P1226,MASKED,MASKED,59,F,MASKED,MASKED,MASKED,1967
P1227,MASKED,MASKED,70,M,MASKED,MASKED,MASKED,1956
P1228,MASKED,MASKED,80,F,MASKED,MASKED,MASKED,1946
P1229,MASKED,MASKED,3,F,MASKED,MASKED,MASKED,2023
P1230,MASKED,MASKED,20,F,MASKED,MASKED,MASKED,2006
P1231,MASKED,MASKED,59,M,MASKED,MASKED,MASKED,1967
P1232,MASKED,MASKED,36,M,MASKED,MASKED,MASKED,1990
P1233,MASKED,MASKED,19,M,MASKED,MASKED,MASKED,2007
P1234,MASKED,MASKED,67,M,MASKED,MASKED,MASKED,1959
P1235,MASKED,MASKED,19,F,MASKED,MASKED,MASKED,2007
P1236,MASKED,MASKED,20,F,MASKED,MASKED,MASKED,2006
P1237,MASKED,MASKED,71,F,MASKED,MASKED,MASKED,1955
P1238,MASKED,MASKED,52,M,MASKED,MASKED,MASKED,1974
P1239,MASKED,MASKED,33,F,MASKED,MASKED,MASKED,1993
P1240,MASKED,MASKED,40,M,MASKED,MASKED,MASKED,1986
P1241,MASKED,MASKED,39,F,MASKED,MASKED,MASKED,1987
P1242,MASKED,MASKED,82,M,MASKED,MASKED,MASKED,1944
P1243,MASKED,MASKED,1,M,MASKED,MASKED,MASKED,2025
P1244,MASKED,MASKED,11,F,MASKED,MASKED,MASKED,2015
P1245,MASKED,MASKED,57,F,MASKED,MASKED,MASKED,1969
P1246,MASKED,MASKED,89,F,MASKED,MASKED,MASKED,1937
P1247,MASKED,MASKED,50,F,MASKED,MASKED,MASKED,1976
P1248,MASKED,MASKED,23,M,MASKED,MASKED,MASKED,2003
P1249,MASKED,MASKED,31,F,MASKED,MASKED,MASKED,1995
P1250,MASKED,MASKED,42,F,MASKED,MASKED,MASKED,1984
P1251,MASKED,MASKED,7,F,MASKED,MASKED,MASKED,2019
P1252,MASKED,MASKED,16,M,MASKED,MASKED,MASKED,2010
P1253,MASKED,MASKED,60,M,MASKED,MASKED,MASKED,1966
P1254,MASKED,MASKED,2,F,MASKED,MASKED,MASKED,2024
P1255,MASKED,MASKED,1,M,MASKED,MASKED,MASKED,2025
P1256,MASKED,MASKED,48,F,MASKED,MASKED,MASKED,1978
P1257,MASKED,MASKED,12,M,MASKED,MASKED,MASKED,2014
P1258,MASKED,MASKED,69,M,MASKED,MASKED,MASKED,1957
P1259,MASKED,MASKED,37,M,MASKED,MASKED,MASKED,1989
P1260,MASKED,MASKED,32,M,MASKED,MASKED,MASKED,1994
P1261,MASKED,MASKED,9,F,MASKED,MASKED,MASKED,2017
P1262,MASKED,MASKED,19,F,MASKED,MASKED,MASKED,2007
P1263,MASKED,MASKED,48,F,MASKED,MASKED,MASKED,1978
P1264,MASKED,MASKED,80,M,MASKED,MASKED,MASKED,1946
P1265,MASKED,MASKED,3,F,MASKED,MASKED,MASKED,2023
P1266,MASKED,MASKED,20,F,MASKED,MASKED,MASKED,2006
P1267,MASKED,MASKED,24,F,MASKED,MASKED,MASKED,2002
P1268,MASKED,MASKED,54,M,MASKED,MASKED,MASKED,1972
P1269,MASKED,MASKED,33,M,MASKED,MASKED,MASKED,1993
P1270,MASKED,MASKED,24,M,MASKED,MASKED,MASKED,2002
P1271,MASKED,MASKED,75,F,MASKED,MASKED,MASKED,1951
P1272,MASKED,MASKED,72,F,MASKED,MASKED,MASKED,1954
P1273,MASKED,MASKED,36,F,MASKED,MASKED,MASKED,1990
P1274,MASKED,MASKED,38,M,MASKED,MASKED,MASKED,1988
P1275,MASKED,MASKED,84,M,MASKED,MASKED,MASKED,1942
P1276,MASKED,MASKED,89,F,MASKED,MASKED,MASKED,1937
P1277,MASKED,MASKED,25,M,MASKED,MASKED,MASKED,2001
P1278,MASKED,MASKED,18,M,MASKED,MASKED,MASKED,2008
P1279,MASKED,MASKED,82,M,MASKED,MASKED,MASKED,1944
P1280,MASKED,MASKED,66,M,MASKED,MASKED,MASKED,1960
P1281,MASKED,MASKED,54,F,MASKED,MASKED,MASKED,1972
P1282,MASKED,MASKED,35,M,MASKED,MASKED,MASKED,1991
P1283,MASKED,MASKED,80,M,MASKED,MASKED,MASKED,1946
P1284,MASKED,MASKED,61,M,MASKED,MASKED,MASKED,1965
P1285,MASKED,MASKED,41,M,MASKED,MASKED,MASKED,1985
P1286,MASKED,MASKED,33,F,MASKED,MASKED,MASKED,1993
P1287,MASKED,MASKED,68,F,MASKED,MASKED,MASKED,1958
P1288,MASKED,MASKED,33,M,MASKED,MASKED,MASKED,1993
P1289,MASKED,MASKED,14,M,MASKED,MASKED,MASKED,2012
P1290,MASKED,MASKED,21,M,MASKED,MASKED,MASKED,2005
P1291,MASKED,MASKED,48,M,MASKED,MASKED,MASKED,1978
P1292,MASKED,MASKED,20,M,MASKED,MASKED,MASKED,2006
P1293,MASKED,MASKED,8,M,MASKED,MASKED,MASKED,2018
P1294,MASKED,MASKED,7,F,MASKED,MASKED,MASKED,2019
P1295,MASKED,MASKED,67,M,MASKED,MASKED,MASKED,1959
P1296,MASKED,MASKED,17,F,MASKED,MASKED,MASKED,2009
P1297,MASKED,MASKED,33,F,MASKED,MASKED,MASKED,1993
P1298,MASKED,MASKED,48,M,MASKED,MASKED,MASKED,1978
P1299,MASKED,MASKED,76,F,MASKED,MASKED,MASKED,1950
P1300,MASKED,MASKED,59,F,MASKED,MASKED,MASKED,1967
P1301,MASKED,MASKED,86,F,MASKED,MASKED,MASKED,1940
P1302,MASKED,MASKED,22,F,MASKED,MASKED,MASKED,2004
P1303,MASKED,MASKED,30,F,MASKED,MASKED,MASKED,1996
P1304,MASKED,MASKED,38,F,MASKED,MASKED,MASKED,1988
P1305,MASKED,MASKED,51,M,MASKED,MASKED,MASKED,1975
P1306,MASKED,MASKED,54,F,MASKED,MASKED,MASKED,1972
P1307,MASKED,MASKED,8,F,MASKED,MASKED,MASKED,2018
P1308,MASKED,MASKED,27,F,MASKED,MASKED,MASKED,1999
P1309,MASKED,MASKED,27,M,MASKED,MASKED,MASKED,1999
P1310,MASKED,MASKED,21,F,MASKED,MASKED,MASKED,2005
P1311,MASKED,MASKED,30,M,MASKED,MASKED,MASKED,1996
P1312,MASKED,MASKED,28,F,MASKED,MASKED,MASKED,1998
P1313,MASKED,MASKED,64,M,MASKED,MASKED,MASKED,1962
P1314,MASKED,MASKED,69,M,MASKED,MASKED,MASKED,1957
P1315,MASKED,MASKED,61,F,MASKED,MASKED,MASKED,1965
P1316,MASKED,MASKED,48,F,MASKED,MASKED,MASKED,1978
P1317,MASKED,MASKED,19,M,MASKED,MASKED,MASKED,2007
P1318,MASKED,MASKED,4,F,MASKED,MASKED,MASKED,2022
P1319,MASKED,MASKED,35,M,MASKED,MASKED,MASKED,1991
P1320,MASKED,MASKED,64,M,MASKED,MASKED,MASKED,1962
P1321,MASKED,MASKED,49,M,MASKED,MASKED,MASKED,1977
P1322,MASKED,MASKED,17,M,MASKED,MASKED,MASKED,2009
P1323,MASKED,MASKED,44,M,MASKED,MASKED,MASKED,1982
P1324,MASKED,MASKED,30,F,MASKED,MASKED,MASKED,1996
P1325,MASKED,MASKED,46,M,MASKED,MASKED,MASKED,1980
P1326,MASKED,MASKED,6,M,MASKED,MASKED,MASKED,2020
P1327,MASKED,MASKED,37,F,MASKED,MASKED,MASKED,1989
P1328,MASKED,MASKED,24,M,MASKED,MASKED,MASKED,2002
P1329,MASKED,MASKED,46,F,MASKED,MASKED,MASKED,1980
P1330,MASKED,MASKED,53,F,MASKED,MASKED,MASKED,1973
P1331,MASKED,MASKED,60,F,MASKED,MASKED,MASKED,1966
P1332,MASKED,MASKED,63,M,MASKED,MASKED,MASKED,1963
P1333,MASKED,MASKED,85,M,MASKED,MASKED,MASKED,1941
P1334,MASKED,MASKED,32,M,MASKED,MASKED,MASKED,1994
P1335,MASKED,MASKED,87,F,MASKED,MASKED,MASKED,1939
P1336,MASKED,MASKED,33,M,MASKED,MASKED,MASKED,1993
P1337,MASKED,MASKED,67,F,MASKED,MASKED,MASKED,1959
P1338,MASKED,MASKED,18,M,MASKED,MASKED,MASKED,2008
P1339,MASKED,MASKED,25,F,MASKED,MASKED,MASKED,2001
P1340,MASKED,MASKED,54,M,MASKED,MASKED,MASKED,1972
P1341,MASKED,MASKED,58,M,MASKED,MASKED,MASKED,1968
P1342,MASKED,MASKED,67,M,MASKED,MASKED,MASKED,1959
P1343,MASKED,MASKED,46,F,MASKED,MASKED,MASKED,1980
P1344,MASKED,MASKED,24,F,MASKED,MASKED,MASKED,2002
P1345,MASKED,MASKED,32,M,MASKED,MASKED,MASKED,1994
P1346,MASKED,MASKED,47,M,MASKED,MASKED,MASKED,1979
P1347,MASKED,MASKED,86,F,MASKED,MASKED,MASKED,1940
P1348,MASKED,MASKED,23,F,MASKED,MASKED,MASKED,2003
P1349,MASKED,MASKED,66,F,MASKED,MASKED,MASKED,1960
P1350,MASKED,MASKED,27,M,MASKED,MASKED,MASKED,1999
P1351,MASKED,MASKED,2,F,MASKED,MASKED,MASKED,2024
P1352,MASKED,MASKED,17,M,MASKED,MASKED,MASKED,2009
P1353,MASKED,MASKED,33,F,MASKED,MASKED,MASKED,1993
P1354,MASKED,MASKED,9,M,MASKED,MASKED,MASKED,2017
P1355,MASKED,MASKED,43,F,MASKED,MASKED,MASKED,1983
P1356,MASKED,MASKED,48,F,MASKED,MASKED,MASKED,1978
P1357,MASKED,MASKED,39,F,MASKED,MASKED,MASKED,1987
P1358,MASKED,MASKED,42,F,MASKED,MASKED,MASKED,1984
P1359,MASKED,MASKED,26,F,MASKED,MASKED,MASKED,2000
P1360,MASKED,MASKED,50,M,MASKED,MASKED,MASKED,1976
P1361,MASKED,MASKED,25,F,MASKED,MASKED,MASKED,2001
P1362,MASKED,MASKED,24,F,MASKED,MASKED,MASKED,2002
P1363,MASKED,MASKED,13,F,MASKED,MASKED,MASKED,2013
P1364,MASKED,MASKED,60,M,MASKED,MASKED,MASKED,1966
P1365,MASKED,MASKED,7,F,MASKED,MASKED,MASKED,2019
P1366,MASKED,MASKED,57,M,MASKED,MASKED,MASKED,1969
P1367,MASKED,MASKED,36,F,MASKED,MASKED,MASKED,1990
P1368,MASKED,MASKED,45,F,MASKED,MASKED,MASKED,1981
P1369,MASKED,MASKED,20,M,MASKED,MASKED,MASKED,2006
P1370,MASKED,MASKED,65,F,MASKED,MASKED,MASKED,1961
P1371,MASKED,MASKED,8,M,MASKED,MASKED,MASKED,2018
P1372,MASKED,MASKED,16,M,MASKED,MASKED,MASKED,2010
P1373,MASKED,MASKED,14,F,MASKED,MASKED,MASKED,2012
P1374,MASKED,MASKED,76,M,MASKED,MASKED,MASKED,1950
P1375,MASKED,MASKED,87,F,MASKED,MASKED,MASKED,1939
P1376,MASKED,MASKED,15,F,MASKED,MASKED,MASKED,2011
P1377,MASKED,MASKED,66,M,MASKED,MASKED,MASKED,1960
P1378,MASKED,MASKED,32,M,MASKED,MASKED,MASKED,1994
P1379,MASKED,MASKED,87,M,MASKED,MASKED,MASKED,1939
P1380,MASKED,MASKED,63,M,MASKED,MASKED,MASKED,1963
P1381,MASKED,MASKED,86,F,MASKED,MASKED,MASKED,1940
P1382,MASKED,MASKED,51,F,MASKED,MASKED,MASKED,1975
P1383,MASKED,MASKED,25,M,MASKED,MASKED,MASKED,2001
P1384,MASKED,MASKED,58,F,MASKED,MASKED,MASKED,1968
P1385,MASKED,MASKED,63,F,MASKED,MASKED,MASKED,1963
P1386,MASKED,MASKED,62,F,MASKED,MASKED,MASKED,1964
P1387,MASKED,MASKED,22,F,MASKED,MASKED,MASKED,2004
P1388,MASKED,MASKED,58,M,MASKED,MASKED,MASKED,1968
P1389,MASKED,MASKED,58,M,MASKED,MASKED,MASKED,1968
P1390,MASKED,MASKED,86,F,MASKED,MASKED,MASKED,1940
P1391,MASKED,MASKED,49,M,MASKED,MASKED,MASKED,1977
P1392,MASKED,MASKED,52,M,MASKED,MASKED,MASKED,1974
P1393,MASKED,MASKED,42,M,MASKED,MASKED,MASKED,1984
P1394,MASKED,MASKED,70,F,MASKED,MASKED,MASKED,1956
P1395,MASKED,MASKED,15,F,MASKED,MASKED,MASKED,2011
P1396,MASKED,MASKED,54,F,MASKED,MASKED,MASKED,1972
P1397,MASKED,MASKED,60,M,MASKED,MASKED,MASKED,1966
P1398,MASKED,MASKED,8,F,MASKED,MASKED,MASKED,2018
P1399,MASKED,MASKED,53,F,MASKED,MASKED,MASKED,1973
P1400,MASKED,MASKED,60,M,MASKED,MASKED,MASKED,1966
P1401,MASKED,MASKED,5,F,MASKED,MASKED,MASKED,2021
P1402,MASKED,MASKED,68,F,MASKED,MASKED,MASKED,1958
P1403,MASKED,MASKED,6,M,MASKED,MASKED,MASKED,2020
P1404,MASKED,MASKED,47,M,MASKED,MASKED,MASKED,1979
P1405,MASKED,MASKED,55,M,MASKED,MASKED,MASKED,1971
P1406,MASKED,MASKED,40,F,MASKED,MASKED,MASKED,1986
P1407,MASKED,MASKED,52,F,MASKED,MASKED,MASKED,1974
P1408,MASKED,MASKED,16,F,MASKED,MASKED,MASKED,2010
P1409,MASKED,MASKED,13,M,MASKED,MASKED,MASKED,2013
P1410,MASKED,MASKED,30,M,MASKED,MASKED,MASKED,1996
P1411,MASKED,MASKED,19,F,MASKED,MASKED,MASKED,2007
P1412,MASKED,MASKED,17,F,MASKED,MASKED,MASKED,2009
P1413,MASKED,MASKED,63,M,MASKED,MASKED,MASKED,1963
P1414,MASKED,MASKED,19,M,MASKED,MASKED,MASKED,2007
P1415,MASKED,MASKED,58,M,MASKED,MASKED,MASKED,1968
P1416,MASKED,MASKED,55,M,MASKED,MASKED,MASKED,1971
P1417,MASKED,MASKED,62,F,MASKED,MASKED,MASKED,1964
P1418,MASKED,MASKED,23,M,MASKED,MASKED,MASKED,2003
P1419,MASKED,MASKED,9,F,MASKED,MASKED,MASKED,2017
P1420,MASKED,MASKED,12,F,MASKED,MASKED,MASKED,2014
P1421,MASKED,MASKED,1,F,MASKED,MASKED,MASKED,2025
P1422,MASKED,MASKED,58,M,MASKED,MASKED,MASKED,1968
P1423,MASKED,MASKED,1,M,MASKED,MASKED,MASKED,2025
P1424,MASKED,MASKED,34,M,MASKED,MASKED,MASKED,1992
P1425,MASKED,MASKED,48,M,MASKED,MASKED,MASKED,1978
P1426,MASKED,MASKED,89,F,MASKED,MASKED,MASKED,1937
P1427,MASKED,MASKED,1,M,MASKED,MASKED,MASKED,2025
P1428,MASKED,MASKED,16,M,MASKED,MASKED,MASKED,2010
P1429,MASKED,MASKED,61,F,MASKED,MASKED,MASKED,1965
P1430,MASKED,MASKED,64,M,MASKED,MASKED,MASKED,1962
P1431,MASKED,MASKED,63,F,MASKED,MASKED,MASKED,1963
P1432,MASKED,MASKED,69,F,MASKED,MASKED,MASKED,1957
P1433,MASKED,MASKED,22,F,MASKED,MASKED,MASKED,2004
P1434,MASKED,MASKED,67,F,MASKED,MASKED,MASKED,1959
P1435,MASKED,MASKED,76,F,MASKED,MASKED,MASKED,1950
P1436,MASKED,MASKED,26,F,MASKED,MASKED,MASKED,2000
P1437,MASKED,MASKED,16,F,MASKED,MASKED,MASKED,2010
P1438,MASKED,MASKED,51,F,MASKED,MASKED,MASKED,1975
P1439,MASKED,MASKED,86,M,MASKED,MASKED,MASKED,1940
P1440,MASKED,MASKED,57,M,MASKED,MASKED,MASKED,1969
P1441,MASKED,MASKED,29,M,MASKED,MASKED,MASKED,1997
P1442,MASKED,MASKED,78,M,MASKED,MASKED,MASKED,1948
P1443,MASKED,MASKED,69,F,MASKED,MASKED,MASKED,1957
P1444,MASKED,MASKED,47,M,MASKED,MASKED,MASKED,1979
P1445,MASKED,MASKED,62,F,MASKED,MASKED,MASKED,1964
P1446,MASKED,MASKED,69,M,MASKED,MASKED,MASKED,1957
P1447,MASKED,MASKED,76,M,MASKED,MASKED,MASKED,1950
P1448,MASKED,MASKED,16,M,MASKED,MASKED,MASKED,2010
P1449,MASKED,MASKED,48,F,MASKED,MASKED,MASKED,1978
P1450,MASKED,MASKED,85,M,MASKED,MASKED,MASKED,1941
P1451,MASKED,MASKED,39,F,MASKED,MASKED,MASKED,1987
P1452,MASKED,MASKED,33,F,MASKED,MASKED,MASKED,1993
P1453,MASKED,MASKED,23,M,MASKED,MASKED,MASKED,2003
P1454,MASKED,MASKED,10,M,MASKED,MASKED,MASKED,2016
P1455,MASKED,MASKED,69,M,MASKED,MASKED,MASKED,1957
P1456,MASKED,MASKED,34,F,MASKED,MASKED,MASKED,1992
P1457,MASKED,MASKED,52,M,MASKED,MASKED,MASKED,1974
P1458,MASKED,MASKED,10,F,MASKED,MASKED,MASKED,2016
P1459,MASKED,MASKED,19,F,MASKED,MASKED,MASKED,2007
P1460,MASKED,MASKED,58,M,MASKED,MASKED,MASKED,1968
P1461,MASKED,MASKED,1,M,MASKED,MASKED,MASKED,2025
P1462,MASKED,MASKED,69,F,MASKED,MASKED,MASKED,1957
P1463,MASKED,MASKED,4,F,MASKED,MASKED,MASKED,2022
P1464,MASKED,MASKED,16,F,MASKED,MASKED,MASKED,2010
P1465,MASKED,MASKED,24,M,MASKED,MASKED,MASKED,2002
P1466,MASKED,MASKED,80,F,MASKED,MASKED,MASKED,1946
P1467,MASKED,MASKED,2,M,MASKED,MASKED,MASKED,2024
P1468,MASKED,MASKED,32,F,MASKED,MASKED,MASKED,1994
P1469,MASKED,MASKED,84,F,MASKED,MASKED,MASKED,1942
P1470,MASKED,MASKED,24,M,MASKED,MASKED,MASKED,2002
P1471,MASKED,MASKED,12,F,MASKED,MASKED,MASKED,2014
P1472,MASKED,MASKED,50,M,MASKED,MASKED,MASKED,1976
P1473,MASKED,MASKED,35,M,MASKED,MASKED,MASKED,1991
P1474,MASKED,MASKED,33,F,MASKED,MASKED,MASKED,1993
P1475,MASKED,MASKED,33,M,MASKED,MASKED,MASKED,1993
P1476,MASKED,MASKED,61,M,MASKED,MASKED,MASKED,1965
P1477,MASKED,MASKED,51,F,MASKED,MASKED,MASKED,1975
P1478,MASKED,MASKED,43,M,MASKED,MASKED,MASKED,1983
P1479,MASKED,MASKED,12,M,MASKED,MASKED,MASKED,2014
P1480,MASKED,MASKED,67,M,MASKED,MASKED,MASKED,1959
P1481,MASKED,MASKED,65,F,MASKED,MASKED,MASKED,1961
P1482,MASKED,MASKED,33,M,MASKED,MASKED,MASKED,1993
P1483,MASKED,MASKED,40,F,MASKED,MASKED,MASKED,1986
P1484,MASKED,MASKED,74,F,MASKED,MASKED,MASKED,1952
P1485,MASKED,MASKED,43,M,MASKED,MASKED,MASKED,1983
P1486,MASKED,MASKED,44,M,MASKED,MASKED,MASKED,1982
P1487,MASKED,MASKED,29,M,MASKED,MASKED,MASKED,1997
P1488,MASKED,MASKED,13,F,MASKED,MASKED,MASKED,2013
P1489,MASKED,MASKED,12,M,MASKED,MASKED,MASKED,2014
P1490,MASKED,MASKED,46,M,MASKED,MASKED,MASKED,1980
P1491,MASKED,MASKED,2,M,MASKED,MASKED,MASKED,2024
P1492,MASKED,MASKED,35,M,MASKED,MASKED,MASKED,1991
P1493,MASKED,MASKED,87,M,MASKED,MASKED,MASKED,1939
P1494,MASKED,MASKED,81,F,MASKED,MASKED,MASKED,1945
P1495,MASKED,MASKED,8,F,MASKED,MASKED,MASKED,2018
P1496,MASKED,MASKED,26,M,MASKED,MASKED,MASKED,2000
P1497,MASKED,MASKED,74,M,MASKED,MASKED,MASKED,1952
P1498,MASKED,MASKED,34,M,MASKED,MASKED,MASKED,1992
P1499,MASKED,MASKED,7,M,MASKED,MASKED,MASKED,2019
P1500,MASKED,MASKED,68,F,MASKED,MASKED,MASKED,1958
P1501,MASKED,MASKED,58,M,MASKED,MASKED,MASKED,1968
P1502,MASKED,MASKED,75,F,MASKED,MASKED,MASKED,1951
P1503,MASKED,MASKED,29,F,MASKED,MASKED,MASKED,1997
P1504,MASKED,MASKED,36,M,MASKED,MASKED,MASKED,1990
P1505,MASKED,MASKED,89,F,MASKED,MASKED,MASKED,1937
P1506,MASKED,MASKED,21,F,MASKED,MASKED,MASKED,2005
P1507,MASKED,MASKED,36,F,MASKED,MASKED,MASKED,1990
P1508,MASKED,MASKED,10,F,MASKED,MASKED,MASKED,2016
P1509,MASKED,MASKED,73,M,MASKED,MASKED,MASKED,1953
P1510,MASKED,MASKED,24,M,MASKED,MASKED,MASKED,2002
P1511,MASKED,MASKED,64,F,MASKED,MASKED,MASKED,1962
P1512,MASKED,MASKED,49,M,MASKED,MASKED,MASKED,1977
P1513,MASKED,MASKED,36,M,MASKED,MASKED,MASKED,1990
P1514,MASKED,MASKED,82,M,MASKED,MASKED,MASKED,1944
P1515,MASKED,MASKED,24,M,MASKED,MASKED,MASKED,2002
P1516,MASKED,MASKED,23,M,MASKED,MASKED,MASKED,2003
P1517,MASKED,MASKED,62,F,MASKED,MASKED,MASKED,1964
P1518,MASKED,MASKED,37,M,MASKED,MASKED,MASKED,1989
P1519,MASKED,MASKED,12,M,MASKED,MASKED,MASKED,2014
P1520,MASKED,MASKED,55,M,MASKED,MASKED,MASKED,1971
P1521,MASKED,MASKED,13,M,MASKED,MASKED,MASKED,2013
P1522,MASKED,MASKED,23,F,MASKED,MASKED,MASKED,2003
P1523,MASKED,MASKED,89,F,MASKED,MASKED,MASKED,1937
P1524,MASKED,MASKED,30,F,MASKED,MASKED,MASKED,1996
P1525,MASKED,MASKED,17,F,MASKED,MASKED,MASKED,2009
P1526,MASKED,MASKED,62,M,MASKED,MASKED,MASKED,1964
P1527,MASKED,MASKED,84,F,MASKED,MASKED,MASKED,1942
P1528,MASKED,MASKED,89,M,MASKED,MASKED,MASKED,1937
P1529,MASKED,MASKED,86,M,MASKED,MASKED,MASKED,1940
P1530,MASKED,MASKED,13,M,MASKED,MASKED,MASKED,2013
P1531,MASKED,MASKED,59,M,MASKED,MASKED,MASKED,1967
P1532,MASKED,MASKED,19,M,MASKED,MASKED,MASKED,2007
P1533,MASKED,MASKED,49,F,MASKED,MASKED,MASKED,1977
P1534,MASKED,MASKED,12,F,MASKED,MASKED,MASKED,2014
P1535,MASKED,MASKED,61,F,MASKED,MASKED,MASKED,1965
P1536,MASKED,MASKED,19,F,MASKED,MASKED,MASKED,2007
P1537,MASKED,MASKED,76,M,MASKED,MASKED,MASKED,1950
P1538,MASKED,MASKED,9,F,MASKED,MASKED,MASKED,2017
P1539,MASKED,MASKED,71,M,MASKED,MASKED,MASKED,1955
P1540,MASKED,MASKED,28,F,MASKED,MASKED,MASKED,1998
P1541,MASKED,MASKED,78,M,MASKED,MASKED,MASKED,1948
P1542,MASKED,MASKED,52,M,MASKED,MASKED,MASKED,1974
P1543,MASKED,MASKED,83,F,MASKED,MASKED,MASKED,1943
P1544,MASKED,MASKED,16,M,MASKED,MASKED,MASKED,2010
P1545,MASKED,MASKED,69,M,MASKED,MASKED,MASKED,1957
P1546,MASKED,MASKED,12,F,MASKED,MASKED,MASKED,2014
P1547,MASKED,MASKED,25,M,MASKED,MASKED,MASKED,2001
P1548,MASKED,MASKED,52,F,MASKED,MASKED,MASKED,1974
P1549,MASKED,MASKED,85,F,MASKED,MASKED,MASKED,1941
P1550,MASKED,MASKED,53,F,MASKED,MASKED,MASKED,1973
P1551,MASKED,MASKED,23,M,MASKED,MASKED,MASKED,2003
P1552,MASKED,MASKED,16,M,MASKED,MASKED,MASKED,2010
P1553,MASKED,MASKED,57,M,MASKED,MASKED,MASKED,1969
P1554,MASKED,MASKED,39,F,MASKED,MASKED,MASKED,1987
P1555,MASKED,MASKED,53,M,MASKED,MASKED,MASKED,1973
P1556,MASKED,MASKED,42,F,MASKED,MASKED,MASKED,1984
P1557,MASKED,MASKED,58,F,MASKED,MASKED,MASKED,1968
P1558,MASKED,MASKED,39,M,MASKED,MASKED,MASKED,1987
P1559,MASKED,MASKED,14,F,MASKED,MASKED,MASKED,2012
P1560,MASKED,MASKED,5,M,MASKED,MASKED,MASKED,2021
P1561,MASKED,MASKED,35,M,MASKED,MASKED,MASKED,1991
P1562,MASKED,MASKED,87,M,MASKED,MASKED,MASKED,1939
P1563,MASKED,MASKED,75,M,MASKED,MASKED,MASKED,1951
P1564,MASKED,MASKED,18,M,MASKED,MASKED,MASKED,2008
P1565,MASKED,MASKED,76,F,MASKED,MASKED,MASKED,1950
P1566,MASKED,MASKED,9,F,MASKED,MASKED,MASKED,2017
P1567,MASKED,MASKED,74,F,MASKED,MASKED,MASKED,1952
P1568,MASKED,MASKED,58,M,MASKED,MASKED,MASKED,1968
P1569,MASKED,MASKED,17,M,MASKED,MASKED,MASKED,2009
P1570,MASKED,MASKED,7,M,MASKED,MASKED,MASKED,2019
P1571,MASKED,MASKED,46,F,MASKED,MASKED,MASKED,1980
P1572,MASKED,MASKED,13,M,MASKED,MASKED,MASKED,2013
P1573,MASKED,MASKED,40,F,MASKED,MASKED,MASKED,1986
P1574,MASKED,MASKED,42,F,MASKED,MASKED,MASKED,1984
P1575,MASKED,MASKED,9,M,MASKED,MASKED,MASKED,2017
P1576,MASKED,MASKED,50,M,MASKED,MASKED,MASKED,1976
P1577,MASKED,MASKED,27,F,MASKED,MASKED,MASKED,1999
P1578,MASKED,MASKED,66,M,MASKED,MASKED,MASKED,1960
P1579,MASKED,MASKED,5,F,MASKED,MASKED,MASKED,2021
P1580,MASKED,MASKED,29,M,MASKED,MASKED,MASKED,1997
P1581,MASKED,MASKED,37,M,MASKED,MASKED,MASKED,1989
P1582,MASKED,MASKED,38,F,MASKED,MASKED,MASKED,1988
P1583,MASKED,MASKED,83,M,MASKED,MASKED,MASKED,1943
P1584,MASKED,MASKED,8,F,MASKED,MASKED,MASKED,2018
P1585,MASKED,MASKED,65,M,MASKED,MASKED,MASKED,1961
P1586,MASKED,MASKED,86,F,MASKED,MASKED,MASKED,1940
P1587,MASKED,MASKED,17,F,MASKED,MASKED,MASKED,2009
P1588,MASKED,MASKED,71,M,MASKED,MASKED,MASKED,1955
P1589,MASKED,MASKED,89,F,MASKED,MASKED,MASKED,1937
P1590,MASKED,MASKED,45,M,MASKED,MASKED,MASKED,1981
P1591,MASKED,MASKED,4,M,MASKED,MASKED,MASKED,2022
P1592,MASKED,MASKED,36,M,MASKED,MASKED,MASKED,1990
P1593,MASKED,MASKED,70,F,MASKED,MASKED,MASKED,1956
P1594,MASKED,MASKED,31,F,MASKED,MASKED,MASKED,1995
P1595,MASKED,MASKED,19,M,MASKED,MASKED,MASKED,2007
P1596,MASKED,MASKED,61,M,MASKED,MASKED,MASKED,1965
P1597,MASKED,MASKED,54,F,MASKED,MASKED,MASKED,1972
P1598,MASKED,MASKED,39,M,MASKED,MASKED,MASKED,1987
P1599,MASKED,MASKED,74,M,MASKED,MASKED,MASKED,1952
P1600,MASKED,MASKED,19,F,MASKED,MASKED,MASKED,2007
P1601,MASKED,MASKED,39,M,MASKED,MASKED,MASKED,1987
P1602,MASKED,MASKED,67,F,MASKED,MASKED,MASKED,1959
P1603,MASKED,MASKED,45,M,MASKED,MASKED,MASKED,1981
P1604,MASKED,MASKED,13,F,MASKED,MASKED,MASKED,2013
P1605,MASKED,MASKED,58,M,MASKED,MASKED,MASKED,1968
P1606,MASKED,MASKED,20,M,MASKED,MASKED,MASKED,2006
P1607,MASKED,MASKED,72,F,MASKED,MASKED,MASKED,1954
P1608,MASKED,MASKED,61,M,MASKED,MASKED,MASKED,1965
P1609,MASKED,MASKED,39,F,MASKED,MASKED,MASKED,1987
P1610,MASKED,MASKED,1,M,MASKED,MASKED,MASKED,2025
P1611,MASKED,MASKED,3,F,MASKED,MASKED,MASKED,2023
P1612,MASKED,MASKED,77,F,MASKED,MASKED,MASKED,1949
P1613,MASKED,MASKED,62,F,MASKED,MASKED,MASKED,1964
P1614,MASKED,MASKED,63,F,MASKED,MASKED,MASKED,1963
P1615,MASKED,MASKED,25,M,MASKED,MASKED,MASKED,2001
P1616,MASKED,MASKED,56,M,MASKED,MASKED,MASKED,1970
P1617,MASKED,MASKED,33,F,MASKED,MASKED,MASKED,1993
P1618,MASKED,MASKED,38,F,MASKED,MASKED,MASKED,1988
P1619,MASKED,MASKED,6,F,MASKED,MASKED,MASKED,2020
P1620,MASKED,MASKED,58,M,MASKED,MASKED,MASKED,1968
P1621,MASKED,MASKED,44,M,MASKED,MASKED,MASKED,1982
P1622,MASKED,MASKED,45,M,MASKED,MASKED,MASKED,1981
P1623,MASKED,MASKED,32,M,MASKED,MASKED,MASKED,1994
P1624,MASKED,MASKED,45,F,MASKED,MASKED,MASKED,1981
P1625,MASKED,MASKED,61,F,MASKED,MASKED,MASKED,1965
P1626,MASKED,MASKED,47,F,MASKED,MASKED,MASKED,1979
P1627,MASKED,MASKED,21,M,MASKED,MASKED,MASKED,2005
P1628,MASKED,MASKED,80,M,MASKED,MASKED,MASKED,1946
P1629,MASKED,MASKED,85,M,MASKED,MASKED,MASKED,1941
P1630,MASKED,MASKED,75,F,MASKED,MASKED,MASKED,1951
P1631,MASKED,MASKED,36,F,MASKED,MASKED,MASKED,1990
P1632,MASKED,MASKED,19,M,MASKED,MASKED,MASKED,2007
P1633,MASKED,MASKED,20,F,MASKED,MASKED,MASKED,2006
P1634,MASKED,MASKED,57,M,MASKED,MASKED,MASKED,1969
P1635,MASKED,MASKED,18,M,MASKED,MASKED,MASKED,2008
P1636,MASKED,MASKED,47,F,MASKED,MASKED,MASKED,1979
P1637,MASKED,MASKED,49,M,MASKED,MASKED,MASKED,1977
P1638,MASKED,MASKED,14,F,MASKED,MASKED,MASKED,2012
P1639,MASKED,MASKED,15,M,MASKED,MASKED,MASKED,2011
P1640,MASKED,MASKED,31,F,MASKED,MASKED,MASKED,1995
P1641,MASKED,MASKED,1,F,MASKED,MASKED,MASKED,2025
P1642,MASKED,MASKED,54,F,MASKED,MASKED,MASKED,1972
P1643,MASKED,MASKED,3,M,MASKED,MASKED,MASKED,2023
P1644,MASKED,MASKED,16,M,MASKED,MASKED,MASKED,2010
P1645,MASKED,MASKED,87,F,MASKED,MASKED,MASKED,1939
P1646,MASKED,MASKED,57,F,MASKED,MASKED,MASKED,1969
P1647,MASKED,MASKED,75,M,MASKED,MASKED,MASKED,1951
P1648,MASKED,MASKED,12,M,MASKED,MASKED,MASKED,2014
P1649,MASKED,MASKED,74,M,MASKED,MASKED,MASKED,1952
P1650,MASKED,MASKED,16,F,MASKED,MASKED,MASKED,2010
P1651,MASKED,MASKED,72,M,MASKED,MASKED,MASKED,1954
P1652,MASKED,MASKED,76,M,MASKED,MASKED,MASKED,1950
P1653,MASKED,MASKED,24,F,MASKED,MASKED,MASKED,2002
P1654,MASKED,MASKED,28,M,MASKED,MASKED,MASKED,1998
P1655,MASKED,MASKED,8,M,MASKED,MASKED,MASKED,2018
P1656,MASKED,MASKED,36,M,MASKED,MASKED,MASKED,1990
P1657,MASKED,MASKED,8,F,MASKED,MASKED,MASKED,2018
P1658,MASKED,MASKED,58,F,MASKED,MASKED,MASKED,1968
P1659,MASKED,MASKED,60,F,MASKED,MASKED,MASKED,1966
P1660,MASKED,MASKED,50,F,MASKED,MASKED,MASKED,1976
P1661,MASKED,MASKED,28,F,MASKED,MASKED,MASKED,1998
P1662,MASKED,MASKED,41,F,MASKED,MASKED,MASKED,1985
P1663,MASKED,MASKED,64,F,MASKED,MASKED,MASKED,1962
P1664,MASKED,MASKED,27,M,MASKED,MASKED,MASKED,1999
P1665,MASKED,MASKED,63,M,MASKED,MASKED,MASKED,1963
P1666,MASKED,MASKED,17,F,MASKED,MASKED,MASKED,2009
P1667,MASKED,MASKED,73,M,MASKED,MASKED,MASKED,1953
P1668,MASKED,MASKED,33,M,MASKED,MASKED,MASKED,1993
P1669,MASKED,MASKED,84,F,MASKED,MASKED,MASKED,1942
P1670,MASKED,MASKED,77,M,MASKED,MASKED,MASKED,1949
P1671,MASKED,MASKED,29,M,MASKED,MASKED,MASKED,1997
P1672,MASKED,MASKED,13,M,MASKED,MASKED,MASKED,2013
P1673,MASKED,MASKED,46,M,MASKED,MASKED,MASKED,1980
P1674,MASKED,MASKED,35,M,MASKED,MASKED,MASKED,1991
P1675,MASKED,MASKED,6,F,MASKED,MASKED,MASKED,2020
P1676,MASKED,MASKED,82,F,MASKED,MASKED,MASKED,1944
P1677,MASKED,MASKED,69,F,MASKED,MASKED,MASKED,1957
P1678,MASKED,MASKED,47,M,MASKED,MASKED,MASKED,1979
P1679,MASKED,MASKED,25,F,MASKED,MASKED,MASKED,2001
P1680,MASKED,MASKED,66,M,MASKED,MASKED,MASKED,1960
P1681,MASKED,MASKED,10,M,MASKED,MASKED,MASKED,2016
P1682,MASKED,MASKED,56,M,MASKED,MASKED,MASKED,1970
P1683,MASKED,MASKED,30,M,MASKED,MASKED,MASKED,1996
P1684,MASKED,MASKED,5,F,MASKED,MASKED,MASKED,2021
P1685,MASKED,MASKED,33,F,MASKED,MASKED,MASKED,1993
P1686,MASKED,MASKED,65,M,MASKED,MASKED,MASKED,1961
P1687,MASKED,MASKED,18,F,MASKED,MASKED,MASKED,2008
P1688,MASKED,MASKED,49,M,MASKED,MASKED,MASKED,1977
P1689,MASKED,MASKED,11,F,MASKED,MASKED,MASKED,2015
P1690,MASKED,MASKED,85,F,MASKED,MASKED,MASKED,1941
P1691,MASKED,MASKED,26,M,MASKED,MASKED,MASKED,2000
P1692,MASKED,MASKED,63,F,MASKED,MASKED,MASKED,1963
P1693,MASKED,MASKED,89,M,MASKED,MASKED,MASKED,1937
P1694,MASKED,MASKED,86,F,MASKED,MASKED,MASKED,1940
P1695,MASKED,MASKED,59,M,MASKED,MASKED,MASKED,1967
P1696,MASKED,MASKED,27,M,MASKED,MASKED,MASKED,1999
P1697,MASKED,MASKED,49,F,MASKED,MASKED,MASKED,1977
P1698,MASKED,MASKED,77,F,MASKED,MASKED,MASKED,1949
P1699,MASKED,MASKED,33,M,MASKED,MASKED,MASKED,1993
P1700,MASKED,MASKED,1,F,MASKED,MASKED,MASKED,2025
P1701,MASKED,MASKED,21,F,MASKED,MASKED,MASKED,2005
P1702,MASKED,MASKED,55,M,MASKED,MASKED,MASKED,1971
P1703,MASKED,MASKED,6,M,MASKED,MASKED,MASKED,2020
P1704,MASKED,MASKED,81,F,MASKED,MASKED,MASKED,1945
P1705,MASKED,MASKED,69,M,MASKED,MASKED,MASKED,1957
P1706,MASKED,MASKED,5,M,MASKED,MASKED,MASKED,2021
P1707,MASKED,MASKED,3,M,MASKED,MASKED,MASKED,2023
P1708,MASKED,MASKED,53,F,MASKED,MASKED,MASKED,1973
P1709,MASKED,MASKED,23,F,MASKED,MASKED,MASKED,2003
P1710,MASKED,MASKED,53,M,MASKED,MASKED,MASKED,1973
P1711,MASKED,MASKED,37,F,MASKED,MASKED,MASKED,1989
P1712,MASKED,MASKED,74,M,MASKED,MASKED,MASKED,1952
P1713,MASKED,MASKED,74,F,MASKED,MASKED,MASKED,1952
P1714,MASKED,MASKED,83,M,MASKED,MASKED,MASKED,1943
P1715,MASKED,MASKED,17,M,MASKED,MASKED,MASKED,2009
P1716,MASKED,MASKED,85,F,MASKED,MASKED,MASKED,1941
P1717,MASKED,MASKED,78,M,MASKED,MASKED,MASKED,1948
P1718,MASKED,MASKED,73,F,MASKED,MASKED,MASKED,1953
P1719,MASKED,MASKED,1,F,MASKED,MASKED,MASKED,2025
P1720,MASKED,MASKED,51,M,MASKED,MASKED,MASKED,1975
P1721,MASKED,MASKED,45,M,MASKED,MASKED,MASKED,1981
P1722,MASKED,MASKED,77,F,MASKED,MASKED,MASKED,1949
P1723,MASKED,MASKED,4,M,MASKED,MASKED,MASKED,2022
P1724,MASKED,MASKED,62,M,MASKED,MASKED,MASKED,1964
P1725,MASKED,MASKED,65,M,MASKED,MASKED,MASKED,1961
P1726,MASKED,MASKED,32,M,MASKED,MASKED,MASKED,1994
P1727,MASKED,MASKED,34,M,MASKED,MASKED,MASKED,1992
P1728,MASKED,MASKED,72,F,MASKED,MASKED,MASKED,1954
P1729,MASKED,MASKED,39,F,MASKED,MASKED,MASKED,1987
P1730,MASKED,MASKED,26,M,MASKED,MASKED,MASKED,2000
P1731,MASKED,MASKED,34,M,MASKED,MASKED,MASKED,1992
P1732,MASKED,MASKED,54,M,MASKED,MASKED,MASKED,1972
P1733,MASKED,MASKED,3,F,MASKED,MASKED,MASKED,2023
P1734,MASKED,MASKED,50,M,MASKED,MASKED,MASKED,1976
P1735,MASKED,MASKED,12,F,MASKED,MASKED,MASKED,2014
P1736,MASKED,MASKED,65,F,MASKED,MASKED,MASKED,1961
P1737,MASKED,MASKED,54,F,MASKED,MASKED,MASKED,1972
P1738,MASKED,MASKED,5,M,MASKED,MASKED,MASKED,2021
P1739,MASKED,MASKED,57,F,MASKED,MASKED,MASKED,1969
P1740,MASKED,MASKED,17,M,MASKED,MASKED,MASKED,2009
P1741,MASKED,MASKED,47,F,MASKED,MASKED,MASKED,1979
P1742,MASKED,MASKED,23,M,MASKED,MASKED,MASKED,2003
P1743,MASKED,MASKED,79,F,MASKED,MASKED,MASKED,1947
P1744,MASKED,MASKED,85,M,MASKED,MASKED,MASKED,1941
P1745,MASKED,MASKED,14,F,MASKED,MASKED,MASKED,2012
P1746,MASKED,MASKED,66,M,MASKED,MASKED,MASKED,1960
P1747,MASKED,MASKED,75,M,MASKED,MASKED,MASKED,1951
P1748,MASKED,MASKED,51,M,MASKED,MASKED,MASKED,1975
P1749,MASKED,MASKED,38,M,MASKED,MASKED,MASKED,1988
P1750,MASKED,MASKED,64,F,MASKED,MASKED,MASKED,1962
P1751,MASKED,MASKED,38,F,MASKED,MASKED,MASKED,1988
P1752,MASKED,MASKED,50,M,MASKED,MASKED,MASKED,1976
P1753,MASKED,MASKED,82,F,MASKED,MASKED,MASKED,1944
P1754,MASKED,MASKED,30,M,MASKED,MASKED,MASKED,1996
P1755,MASKED,MASKED,79,M,MASKED,MASKED,MASKED,1947
P1756,MASKED,MASKED,51,F,MASKED,MASKED,MASKED,1975
P1757,MASKED,MASKED,63,M,MASKED,MASKED,MASKED,1963
P1758,MASKED,MASKED,52,M,MASKED,MASKED,MASKED,1974
P1759,MASKED,MASKED,38,F,MASKED,MASKED,MASKED,1988
P1760,MASKED,MASKED,88,M,MASKED,MASKED,MASKED,1938
P1761,MASKED,MASKED,79,M,MASKED,MASKED,MASKED,1947
P1762,MASKED,MASKED,30,M,MASKED,MASKED,MASKED,1996
P1763,MASKED,MASKED,51,M,MASKED,MASKED,MASKED,1975
P1764,MASKED,MASKED,81,F,MASKED,MASKED,MASKED,1945
P1765,MASKED,MASKED,5,F,MASKED,MASKED,MASKED,2021
P1766,MASKED,MASKED,29,F,MASKED,MASKED,MASKED,1997
P1767,MASKED,MASKED,4,M,MASKED,MASKED,MASKED,2022
P1768,MASKED,MASKED,10,M,MASKED,MASKED,MASKED,2016
P1769,MASKED,MASKED,56,F,MASKED,MASKED,MASKED,1970
P1770,MASKED,MASKED,17,M,MASKED,MASKED,MASKED,2009
P1771,MASKED,MASKED,74,M,MASKED,MASKED,MASKED,1952
P1772,MASKED,MASKED,17,M,MASKED,MASKED,MASKED,2009
P1773,MASKED,MASKED,84,M,MASKED,MASKED,MASKED,1942
P1774,MASKED,MASKED,88,F,MASKED,MASKED,MASKED,1938
P1775,MASKED,MASKED,69,F,MASKED,MASKED,MASKED,1957
P1776,MASKED,MASKED,34,F,MASKED,MASKED,MASKED,1992
P1777,MASKED,MASKED,6,M,MASKED,MASKED,MASKED,2020
P1778,MASKED,MASKED,53,F,MASKED,MASKED,MASKED,1973
P1779,MASKED,MASKED,66,F,MASKED,MASKED,MASKED,1960
P1780,MASKED,MASKED,77,M,MASKED,MASKED,MASKED,1949
P1781,MASKED,MASKED,43,M,MASKED,MASKED,MASKED,1983
P1782,MASKED,MASKED,75,F,MASKED,MASKED,MASKED,1951
P1783,MASKED,MASKED,23,F,MASKED,MASKED,MASKED,2003
P1784,MASKED,MASKED,55,F,MASKED,MASKED,MASKED,1971
P1785,MASKED,MASKED,80,F,MASKED,MASKED,MASKED,1946
P1786,MASKED,MASKED,75,M,MASKED,MASKED,MASKED,1951
P1787,MASKED,MASKED,16,F,MASKED,MASKED,MASKED,2010
P1788,MASKED,MASKED,8,F,MASKED,MASKED,MASKED,2018
P1789,MASKED,MASKED,4,M,MASKED,MASKED,MASKED,2022
P1790,MASKED,MASKED,4,F,MASKED,MASKED,MASKED,2022
P1791,MASKED,MASKED,56,M,MASKED,MASKED,MASKED,1970
P1792,MASKED,MASKED,25,M,MASKED,MASKED,MASKED,2001
P1793,MASKED,MASKED,67,M,MASKED,MASKED,MASKED,1959
P1794,MASKED,MASKED,67,F,MASKED,MASKED,MASKED,1959
P1795,MASKED,MASKED,27,F,MASKED,MASKED,MASKED,1999
P1796,MASKED,MASKED,32,M,MASKED,MASKED,MASKED,1994
P1797,MASKED,MASKED,50,F,MASKED,MASKED,MASKED,1976
P1798,MASKED,MASKED,61,F,MASKED,MASKED,MASKED,1965
P1799,MASKED,MASKED,51,M,MASKED,MASKED,MASKED,1975
P1800,MASKED,MASKED,19,M,MASKED,MASKED,MASKED,2007
P1801,MASKED,MASKED,21,F,MASKED,MASKED,MASKED,2005
P1802,MASKED,MASKED,5,M,MASKED,MASKED,MASKED,2021
P1803,MASKED,MASKED,82,F,MASKED,MASKED,MASKED,1944
P1804,MASKED,MASKED,42,F,MASKED,MASKED,MASKED,1984
P1805,MASKED,MASKED,61,F,MASKED,MASKED,MASKED,1965
P1806,MASKED,MASKED,22,F,MASKED,MASKED,MASKED,2004
P1807,MASKED,MASKED,21,M,MASKED,MASKED,MASKED,2005
P1808,MASKED,MASKED,70,M,MASKED,MASKED,MASKED,1956
P1809,MASKED,MASKED,1,M,MASKED,MASKED,MASKED,2025
P1810,MASKED,MASKED,5,M,MASKED,MASKED,MASKED,2021
P1811,MASKED,MASKED,12,F,MASKED,MASKED,MASKED,2014
P1812,MASKED,MASKED,46,F,MASKED,MASKED,MASKED,1980
P1813,MASKED,MASKED,34,M,MASKED,MASKED,MASKED,1992
P1814,MASKED,MASKED,49,F,MASKED,MASKED,MASKED,1977
P1815,MASKED,MASKED,78,F,MASKED,MASKED,MASKED,1948
P1816,MASKED,MASKED,45,F,MASKED,MASKED,MASKED,1981
P1817,MASKED,MASKED,27,M,MASKED,MASKED,MASKED,1999
P1818,MASKED,MASKED,73,M,MASKED,MASKED,MASKED,1953
P1819,MASKED,MASKED,26,M,MASKED,MASKED,MASKED,2000
P1820,MASKED,MASKED,47,F,MASKED,MASKED,MASKED,1979
P1821,MASKED,MASKED,86,M,MASKED,MASKED,MASKED,1940
P1822,MASKED,MASKED,56,M,MASKED,MASKED,MASKED,1970
P1823,MASKED,MASKED,63,M,MASKED,MASKED,MASKED,1963
P1824,MASKED,MASKED,48,M,MASKED,MASKED,MASKED,1978
P1825,MASKED,MASKED,61,M,MASKED,MASKED,MASKED,1965
P1826,MASKED,MASKED,81,M,MASKED,MASKED,MASKED,1945
P1827,MASKED,MASKED,26,F,MASKED,MASKED,MASKED,2000
P1828,MASKED,MASKED,36,F,MASKED,MASKED,MASKED,1990
P1829,MASKED,MASKED,1,M,MASKED,MASKED,MASKED,2025
P1830,MASKED,MASKED,8,M,MASKED,MASKED,MASKED,2018
P1831,MASKED,MASKED,52,F,MASKED,MASKED,MASKED,1974
P1832,MASKED,MASKED,79,F,MASKED,MASKED,MASKED,1947
P1833,MASKED,MASKED,47,M,MASKED,MASKED,MASKED,1979
P1834,MASKED,MASKED,56,M,MASKED,MASKED,MASKED,1970
P1835,MASKED,MASKED,86,M,MASKED,MASKED,MASKED,1940
P1836,MASKED,MASKED,14,M,MASKED,MASKED,MASKED,2012
P1837,MASKED,MASKED,28,F,MASKED,MASKED,MASKED,1998
P1838,MASKED,MASKED,87,M,MASKED,MASKED,MASKED,1939
P1839,MASKED,MASKED,78,M,MASKED,MASKED,MASKED,1948
P1840,MASKED,MASKED,88,M,MASKED,MASKED,MASKED,1938
P1841,MASKED,MASKED,2,M,MASKED,MASKED,MASKED,2024
P1842,MASKED,MASKED,26,F,MASKED,MASKED,MASKED,2000
P1843,MASKED,MASKED,14,F,MASKED,MASKED,MASKED,2012
P1844,MASKED,MASKED,59,F,MASKED,MASKED,MASKED,1967
P1845,MASKED,MASKED,56,M,MASKED,MASKED,MASKED,1970
P1846,MASKED,MASKED,7,M,MASKED,MASKED,MASKED,2019
P1847,MASKED,MASKED,3,F,MASKED,MASKED,MASKED,2023
P1848,MASKED,MASKED,23,M,MASKED,MASKED,MASKED,2003
P1849,MASKED,MASKED,18,M,MASKED,MASKED,MASKED,2008
P1850,MASKED,MASKED,38,F,MASKED,MASKED,MASKED,1988
P1851,MASKED,MASKED,15,F,MASKED,MASKED,MASKED,2011
P1852,MASKED,MASKED,64,F,MASKED,MASKED,MASKED,1962
P1853,MASKED,MASKED,89,F,MASKED,MASKED,MASKED,1937
P1854,MASKED,MASKED,28,M,MASKED,MASKED,MASKED,1998
P1855,MASKED,MASKED,74,M,MASKED,MASKED,MASKED,1952
P1856,MASKED,MASKED,39,F,MASKED,MASKED,MASKED,1987
P1857,MASKED,MASKED,57,M,MASKED,MASKED,MASKED,1969
P1858,MASKED,MASKED,17,F,MASKED,MASKED,MASKED,2009
P1859,MASKED,MASKED,86,F,MASKED,MASKED,MASKED,1940
P1860,MASKED,MASKED,44,M,MASKED,MASKED,MASKED,1982
P1861,MASKED,MASKED,25,F,MASKED,MASKED,MASKED,2001
P1862,MASKED,MASKED,17,M,MASKED,MASKED,MASKED,2009
P1863,MASKED,MASKED,13,M,MASKED,MASKED,MASKED,2013
P1864,MASKED,MASKED,84,M,MASKED,MASKED,MASKED,1942
P1865,MASKED,MASKED,25,M,MASKED,MASKED,MASKED,2001
P1866,MASKED,MASKED,68,F,MASKED,MASKED,MASKED,1958
P1867,MASKED,MASKED,10,M,MASKED,MASKED,MASKED,2016
P1868,MASKED,MASKED,67,F,MASKED,MASKED,MASKED,1959
P1869,MASKED,MASKED,18,F,MASKED,MASKED,MASKED,2008
P1870,MASKED,MASKED,86,F,MASKED,MASKED,MASKED,1940
P1871,MASKED,MASKED,34,F,MASKED,MASKED,MASKED,1992
P1872,MASKED,MASKED,8,M,MASKED,MASKED,MASKED,2018
P1873,MASKED,MASKED,40,M,MASKED,MASKED,MASKED,1986
P1874,MASKED,MASKED,83,F,MASKED,MASKED,MASKED,1943
P1875,MASKED,MASKED,42,F,MASKED,MASKED,MASKED,1984
P1876,MASKED,MASKED,41,M,MASKED,MASKED,MASKED,1985
P1877,MASKED,MASKED,6,F,MASKED,MASKED,MASKED,2020
P1878,MASKED,MASKED,52,M,MASKED,MASKED,MASKED,1974
P1879,MASKED,MASKED,26,F,MASKED,MASKED,MASKED,2000
P1880,MASKED,MASKED,64,M,MASKED,MASKED,MASKED,1962
P1881,MASKED,MASKED,59,F,MASKED,MASKED,MASKED,1967
P1882,MASKED,MASKED,56,F,MASKED,MASKED,MASKED,1970
P1883,MASKED,MASKED,59,M,MASKED,MASKED,MASKED,1967
P1884,MASKED,MASKED,70,F,MASKED,MASKED,MASKED,1956
P1885,MASKED,MASKED,33,F,MASKED,MASKED,MASKED,1993
P1886,MASKED,MASKED,53,M,MASKED,MASKED,MASKED,1973
P1887,MASKED,MASKED,22,F,MASKED,MASKED,MASKED,2004
P1888,MASKED,MASKED,21,M,MASKED,MASKED,MASKED,2005
P1889,MASKED,MASKED,70,M,MASKED,MASKED,MASKED,1956
P1890,MASKED,MASKED,70,F,MASKED,MASKED,MASKED,1956
P1891,MASKED,MASKED,4,F,MASKED,MASKED,MASKED,2022
P1892,MASKED,MASKED,75,F,MASKED,MASKED,MASKED,1951
P1893,MASKED,MASKED,62,F,MASKED,MASKED,MASKED,1964
P1894,MASKED,MASKED,62,F,MASKED,MASKED,MASKED,1964
P1895,MASKED,MASKED,24,F,MASKED,MASKED,MASKED,2002
P1896,MASKED,MASKED,55,F,MASKED,MASKED,MASKED,1971
P1897,MASKED,MASKED,9,M,MASKED,MASKED,MASKED,2017
P1898,MASKED,MASKED,3,F,MASKED,MASKED,MASKED,2023
P1899,MASKED,MASKED,31,M,MASKED,MASKED,MASKED,1995
P1900,MASKED,MASKED,40,F,MASKED,MASKED,MASKED,1986
P1901,MASKED,MASKED,36,F,MASKED,MASKED,MASKED,1990
P1902,MASKED,MASKED,24,M,MASKED,MASKED,MASKED,2002
P1903,MASKED,MASKED,6,F,MASKED,MASKED,MASKED,2020
P1904,MASKED,MASKED,66,F,MASKED,MASKED,MASKED,1960
P1905,MASKED,MASKED,84,M,MASKED,MASKED,MASKED,1942
P1906,MASKED,MASKED,75,F,MASKED,MASKED,MASKED,1951
P1907,MASKED,MASKED,4,F,MASKED,MASKED,MASKED,2022
P1908,MASKED,MASKED,79,F,MASKED,MASKED,MASKED,1947
P1909,MASKED,MASKED,6,M,MASKED,MASKED,MASKED,2020
P1910,MASKED,MASKED,51,F,MASKED,MASKED,MASKED,1975
P1911,MASKED,MASKED,62,F,MASKED,MASKED,MASKED,1964
P1912,MASKED,MASKED,57,F,MASKED,MASKED,MASKED,1969
P1913,MASKED,MASKED,66,F,MASKED,MASKED,MASKED,1960
P1914,MASKED,MASKED,79,M,MASKED,MASKED,MASKED,1947
P1915,MASKED,MASKED,75,M,MASKED,MASKED,MASKED,1951
P1916,MASKED,MASKED,8,F,MASKED,MASKED,MASKED,2018
P1917,MASKED,MASKED,26,F,MASKED,MASKED,MASKED,2000
P1918,MASKED,MASKED,51,M,MASKED,MASKED,MASKED,1975
P1919,MASKED,MASKED,45,M,MASKED,MASKED,MASKED,1981
P1920,MASKED,MASKED,44,F,MASKED,MASKED,MASKED,1982
P1921,MASKED,MASKED,5,M,MASKED,MASKED,MASKED,2021
P1922,MASKED,MASKED,70,F,MASKED,MASKED,MASKED,1956
P1923,MASKED,MASKED,26,M,MASKED,MASKED,MASKED,2000
P1924,MASKED,MASKED,68,M,MASKED,MASKED,MASKED,1958
P1925,MASKED,MASKED,19,M,MASKED,MASKED,MASKED,2007
P1926,MASKED,MASKED,84,M,MASKED,MASKED,MASKED,1942
P1927,MASKED,MASKED,20,F,MASKED,MASKED,MASKED,2006
P1928,MASKED,MASKED,12,M,MASKED,MASKED,MASKED,2014
P1929,MASKED,MASKED,47,M,MASKED,MASKED,MASKED,1979
P1930,MASKED,MASKED,1,F,MASKED,MASKED,MASKED,2025
P1931,MASKED,MASKED,14,M,MASKED,MASKED,MASKED,2012
P1932,MASKED,MASKED,64,M,MASKED,MASKED,MASKED,1962
P1933,MASKED,MASKED,38,F,MASKED,MASKED,MASKED,1988
P1934,MASKED,MASKED,37,M,MASKED,MASKED,MASKED,1989
P1935,MASKED,MASKED,11,F,MASKED,MASKED,MASKED,2015
P1936,MASKED,MASKED,77,F,MASKED,MASKED,MASKED,1949
P1937,MASKED,MASKED,3,F,MASKED,MASKED,MASKED,2023
P1938,MASKED,MASKED,33,F,MASKED,MASKED,MASKED,1993
P1939,MASKED,MASKED,6,M,MASKED,MASKED,MASKED,2020
P1940,MASKED,MASKED,50,F,MASKED,MASKED,MASKED,1976
P1941,MASKED,MASKED,10,M,MASKED,MASKED,MASKED,2016
P1942,MASKED,MASKED,5,M,MASKED,MASKED,MASKED,2021
P1943,MASKED,MASKED,23,M,MASKED,MASKED,MASKED,2003
P1944,MASKED,MASKED,10,M,MASKED,MASKED,MASKED,2016
P1945,MASKED,MASKED,44,M,MASKED,MASKED,MASKED,1982
P1946,MASKED,MASKED,2,M,MASKED,MASKED,MASKED,2024
P1947,MASKED,MASKED,13,M,MASKED,MASKED,MASKED,2013
P1948,MASKED,MASKED,40,M,MASKED,MASKED,MASKED,1986
P1949,MASKED,MASKED,2,M,MASKED,MASKED,MASKED,2024
P1950,MASKED,MASKED,84,M,MASKED,MASKED,MASKED,1942
P1951,MASKED,MASKED,65,F,MASKED,MASKED,MASKED,1961
P1952,MASKED,MASKED,63,F,MASKED,MASKED,MASKED,1963
P1953,MASKED,MASKED,73,F,MASKED,MASKED,MASKED,1953
P1954,MASKED,MASKED,17,M,MASKED,MASKED,MASKED,2009
P1955,MASKED,MASKED,9,F,MASKED,MASKED,MASKED,2017
P1956,MASKED,MASKED,75,F,MASKED,MASKED,MASKED,1951
P1957,MASKED,MASKED,15,F,MASKED,MASKED,MASKED,2011
P1958,MASKED,MASKED,24,M,MASKED,MASKED,MASKED,2002
P1959,MASKED,MASKED,38,M,MASKED,MASKED,MASKED,1988
P1960,MASKED,MASKED,35,M,MASKED,MASKED,MASKED,1991
P1961,MASKED,MASKED,49,M,MASKED,MASKED,MASKED,1977
P1962,MASKED,MASKED,69,F,MASKED,MASKED,MASKED,1957
P1963,MASKED,MASKED,62,F,MASKED,MASKED,MASKED,1964
P1964,MASKED,MASKED,60,F,MASKED,MASKED,MASKED,1966
P1965,MASKED,MASKED,50,F,MASKED,MASKED,MASKED,1976
P1966,MASKED,MASKED,78,M,MASKED,MASKED,MASKED,1948
P1967,MASKED,MASKED,75,M,MASKED,MASKED,MASKED,1951
P1968,MASKED,MASKED,9,M,MASKED,MASKED,MASKED,2017
P1969,MASKED,MASKED,34,F,MASKED,MASKED,MASKED,1992
P1970,MASKED,MASKED,76,M,MASKED,MASKED,MASKED,1950
P1971,MASKED,MASKED,35,M,MASKED,MASKED,MASKED,1991
P1972,MASKED,MASKED,1,F,MASKED,MASKED,MASKED,2025
P1973,MASKED,MASKED,40,F,MASKED,MASKED,MASKED,1986
P1974,MASKED,MASKED,64,M,MASKED,MASKED,MASKED,1962
P1975,MASKED,MASKED,22,M,MASKED,MASKED,MASKED,2004
P1976,MASKED,MASKED,60,M,MASKED,MASKED,MASKED,1966
P1977,MASKED,MASKED,64,M,MASKED,MASKED,MASKED,1962
P1978,MASKED,MASKED,72,M,MASKED,MASKED,MASKED,1954
P1979,MASKED,MASKED,11,M,MASKED,MASKED,MASKED,2015
P1980,MASKED,MASKED,14,F,MASKED,MASKED,MASKED,2012
P1981,MASKED,MASKED,60,F,MASKED,MASKED,MASKED,1966
P1982,MASKED,MASKED,30,F,MASKED,MASKED,MASKED,1996
P1983,MASKED,MASKED,35,M,MASKED,MASKED,MASKED,1991
P1984,MASKED,MASKED,85,F,MASKED,MASKED,MASKED,1941
P1985,MASKED,MASKED,37,M,MASKED,MASKED,MASKED,1989
P1986,MASKED,MASKED,5,M,MASKED,MASKED,MASKED,2021
P1987,MASKED,MASKED,83,F,MASKED,MASKED,MASKED,1943
P1988,MASKED,MASKED,78,M,MASKED,MASKED,MASKED,1948
P1989,MASKED,MASKED,26,M,MASKED,MASKED,MASKED,2000
P1990,MASKED,MASKED,62,F,MASKED,MASKED,MASKED,1964
P1991,MASKED,MASKED,4,F,MASKED,MASKED,MASKED,2022
P1992,MASKED,MASKED,89,F,MASKED,MASKED,MASKED,1937
P1993,MASKED,MASKED,42,M,MASKED,MASKED,MASKED,1984
P1994,MASKED,MASKED,89,F,MASKED,MASKED,MASKED,1937
P1995,MASKED,MASKED,18,F,MASKED,MASKED,MASKED,2008
P1996,MASKED,MASKED,40,M,MASKED,MASKED,MASKED,1986
P1997,MASKED,MASKED,72,F,MASKED,MASKED,MASKED,1954
P1998,MASKED,MASKED,39,F,MASKED,MASKED,MASKED,1987
P1999,MASKED,MASKED,14,F,MASKED,MASKED,MASKED,2012
