flight_id,airline,source,destination,departure_time,arrival_time,is_overnight,duration_minutes,departure_date
SJ010,SPICEJET,CCU,MAA,2026-04-20 23:38:41.701,2026-04-21 02:32:41.701,True,174.0,2026-04-20
AI155,AIR INDIA,BOM,CCU,2026-04-20 23:35:41.703,2026-04-21 01:23:41.703,True,108.0,2026-04-20
UK094,VISTARA,BOM,CCU,2026-04-20 23:26:41.702,2026-04-21 01:11:41.702,True,105.0,2026-04-20
AI245,AIR INDIA,BOM,CCU,2026-04-20 23:07:41.704,2026-04-21 01:43:41.704,True,156.0,2026-04-20
AI192,AIR INDIA,MAA,BOM,2026-04-20 23:05:41.703,2026-04-21 04:04:41.703,True,299.0,2026-04-20
SJ158,SPICEJET,DEL,HYD,2026-04-20 23:05:41.703,2026-04-21 01:24:41.703,True,139.0,2026-04-20
6F196,INDIGO,CCU,MAA,2026-04-20 23:04:41.703,2026-04-21 00:47:41.703,True,103.0,2026-04-20
AI080,AIR INDIA,BOM,HYD,2026-04-20 23:03:41.702,2026-04-21 00:35:41.702,True,92.0,2026-04-20
6F025,INDIGO,BLR,BOM,2026-04-20 23:02:41.701,2026-04-20 23:57:41.701,False,55.0,2026-04-20
6F251,INDIGO,DEL,BLR,2026-04-20 22:56:41.703,2026-04-20 23:37:41.703,False,41.0,2026-04-20
AI137,AIR INDIA,BOM,DEL,2026-04-20 22:49:41.702,2026-04-21 01:17:41.702,True,148.0,2026-04-20
6F026,INDIGO,BOM,CCU,2026-04-20 22:46:42.000,2026-04-21 03:13:42.000,True,267.0,2026-04-20
UK167,VISTARA,DEL,MAA,2026-04-20 22:45:41.703,2026-04-21 01:46:41.703,True,181.0,2026-04-20
UK027,VISTARA,BOM,CCU,2026-04-20 22:44:41.701,2026-04-21 01:05:41.701,True,141.0,2026-04-20
AI069,AIR INDIA,DEL,BOM,2026-04-20 22:43:41.702,2026-04-21 02:29:41.702,True,226.0,2026-04-20
AI058,AIR INDIA,BOM,CCU,2026-04-20 22:40:41.701,2026-04-21 00:18:41.701,True,98.0,2026-04-20
AI140,AIR INDIA,BOM,DEL,2026-04-20 22:25:41.702,2026-04-21 02:08:41.702,True,223.0,2026-04-20
SJ239,SPICEJET,BOM,CCU,2026-04-20 22:24:41.704,2026-04-21 00:10:41.704,True,106.0,2026-04-20
6F099,INDIGO,MAA,DEL,2026-04-20 22:24:41.702,2026-04-20 22:59:41.702,False,35.0,2026-04-20
AI048,AIR INDIA,CCU,DEL,2026-04-20 22:23:41.701,2026-04-21 02:15:41.701,True,232.0,2026-04-20
SJ112,SPICEJET,HYD,DEL,2026-04-20 22:20:41.702,2026-04-21 00:40:41.702,True,140.0,2026-04-20
6F164,INDIGO,BLR,BOM,2026-04-20 22:18:41.703,2026-04-21 00:45:41.703,True,147.0,2026-04-20
UK021,VISTARA,HYD,MAA,2026-04-20 22:00:41.701,2026-04-20 23:50:41.701,False,110.0,2026-04-20
SJ172,SPICEJET,CCU,DEL,2026-04-20 21:58:41.703,2026-04-21 01:14:41.703,True,196.0,2026-04-20
AI060,AIR INDIA,DEL,HYD,2026-04-20 21:58:41.701,2026-04-20 23:51:41.701,False,113.0,2026-04-20
SJ205,SPICEJET,HYD,CCU,2026-04-20 21:56:41.703,2026-04-20 23:00:41.703,False,64.0,2026-04-20
SJ093,SPICEJET,BLR,BOM,2026-04-20 21:55:41.702,2026-04-20 23:01:41.702,False,66.0,2026-04-20
6F195,INDIGO,CCU,DEL,2026-04-20 21:44:41.703,2026-04-20 22:39:41.703,False,55.0,2026-04-20
UK003,VISTARA,HYD,DEL,2026-04-20 21:41:41.700,2026-04-21 02:19:41.700,True,278.0,2026-04-20
UK026,VISTARA,HYD,MAA,2026-04-20 21:38:41.701,2026-04-20 23:44:41.701,False,126.0,2026-04-20
6F174,INDIGO,DEL,HYD,2026-04-20 21:36:41.703,2026-04-20 22:16:41.703,False,40.0,2026-04-20
UK067,VISTARA,BOM,CCU,2026-04-20 21:36:41.701,2026-04-21 01:02:41.701,True,206.0,2026-04-20
SJ149,SPICEJET,HYD,MAA,2026-04-20 21:20:41.702,2026-04-20 23:20:42.000,False,120.0,2026-04-20
6F213,INDIGO,BLR,BOM,2026-04-20 21:05:41.703,2026-04-21 00:32:41.703,True,207.0,2026-04-20
UK200,VISTARA,CCU,DEL,2026-04-20 20:54:41.703,2026-04-20 22:45:41.703,False,111.0,2026-04-20
SJ214,SPICEJET,BOM,MAA,2026-04-20 20:54:41.703,2026-04-20 22:10:41.703,False,76.0,2026-04-20
SJ047,SPICEJET,HYD,BOM,2026-04-20 20:44:41.701,2026-04-20 21:21:41.701,False,37.0,2026-04-20
AI179,AIR INDIA,HYD,BOM,2026-04-20 20:41:41.703,2026-04-21 01:19:41.703,True,278.0,2026-04-20
SJ153,SPICEJET,DEL,CCU,2026-04-20 20:37:41.702,2026-04-20 22:00:41.702,False,83.0,2026-04-20
6F236,INDIGO,BOM,DEL,2026-04-20 20:35:41.704,2026-04-20 23:54:41.704,False,199.0,2026-04-20
UK059,VISTARA,HYD,MAA,2026-04-20 20:33:41.701,2026-04-20 22:10:41.701,False,97.0,2026-04-20
SJ001,SPICEJET,BOM,MAA,2026-04-20 20:28:41.700,2026-04-21 01:15:41.700,True,287.0,2026-04-20
SJ049,SPICEJET,CCU,DEL,2026-04-20 20:26:41.701,2026-04-21 00:26:41.701,True,240.0,2026-04-20
6F086,INDIGO,MAA,HYD,2026-04-20 20:23:41.702,2026-04-20 21:00:41.702,False,37.0,2026-04-20
AI220,AIR INDIA,BOM,DEL,2026-04-20 20:19:41.703,2026-04-20 21:57:41.703,False,98.0,2026-04-20
AI188,AIR INDIA,CCU,HYD,2026-04-20 20:16:41.703,2026-04-20 23:02:41.703,False,166.0,2026-04-20
6F114,INDIGO,BOM,MAA,2026-04-20 20:10:41.702,2026-04-20 21:00:41.702,False,50.0,2026-04-20
SJ179,SPICEJET,DEL,HYD,2026-04-20 20:09:41.703,2026-04-20 23:39:41.703,False,210.0,2026-04-20
6F190,INDIGO,DEL,MAA,2026-04-20 20:02:41.703,2026-04-21 00:36:41.703,True,274.0,2026-04-20
SJ003,SPICEJET,MAA,CCU,2026-04-20 19:50:41.701,2026-04-20 20:32:41.701,False,42.0,2026-04-20
6F028,INDIGO,HYD,CCU,2026-04-20 19:49:41.701,2026-04-20 21:49:41.701,False,120.0,2026-04-20
UK036,VISTARA,CCU,BLR,2026-04-20 19:48:41.701,2026-04-21 00:12:41.701,True,264.0,2026-04-20
SJ160,SPICEJET,MAA,BLR,2026-04-20 19:45:41.703,2026-04-20 20:30:41.703,False,45.0,2026-04-20
6F151,INDIGO,CCU,HYD,2026-04-20 19:44:41.703,2026-04-20 22:04:41.703,False,140.0,2026-04-20
UK140,VISTARA,MAA,BLR,2026-04-20 19:37:41.703,2026-04-20 21:00:41.703,False,83.0,2026-04-20
AI115,AIR INDIA,MAA,BLR,2026-04-20 19:37:41.702,2026-04-21 00:26:41.702,True,289.0,2026-04-20
AI132,AIR INDIA,BLR,BOM,2026-04-20 19:32:41.702,2026-04-20 21:41:41.702,False,129.0,2026-04-20
UK209,VISTARA,MAA,BLR,2026-04-20 19:02:41.704,2026-04-20 21:47:41.704,False,165.0,2026-04-20
SJ043,SPICEJET,MAA,DEL,2026-04-20 18:59:41.701,2026-04-20 21:08:41.701,False,129.0,2026-04-20
UK176,VISTARA,HYD,BLR,2026-04-20 18:41:41.703,2026-04-20 22:49:41.703,False,248.0,2026-04-20
UK216,VISTARA,MAA,HYD,2026-04-20 18:33:41.704,2026-04-20 21:47:41.704,False,194.0,2026-04-20
UK150,VISTARA,DEL,CCU,2026-04-20 18:31:41.703,2026-04-20 19:01:41.703,False,30.0,2026-04-20
UK145,VISTARA,BOM,HYD,2026-04-20 18:30:41.703,2026-04-20 20:41:41.703,False,131.0,2026-04-20
6F270,INDIGO,HYD,MAA,2026-04-20 18:14:41.701,2026-04-20 19:02:41.701,False,48.0,2026-04-20
6F012,INDIGO,CCU,HYD,2026-04-20 18:06:41.701,2026-04-20 21:31:41.701,False,205.0,2026-04-20
SJ236,SPICEJET,MAA,BOM,2026-04-20 18:03:41.704,2026-04-20 22:02:41.704,False,239.0,2026-04-20
6F149,INDIGO,BLR,CCU,2026-04-20 17:57:41.703,2026-04-20 20:42:41.703,False,165.0,2026-04-20
UK004,VISTARA,BOM,CCU,2026-04-20 17:56:41.700,2026-04-20 18:30:41.700,False,34.0,2026-04-20
UK010,VISTARA,MAA,HYD,2026-04-20 17:53:41.701,2026-04-20 20:40:41.701,False,167.0,2026-04-20
UK215,VISTARA,BOM,DEL,2026-04-20 17:38:41.704,2026-04-20 19:50:41.704,False,132.0,2026-04-20
SJ116,SPICEJET,HYD,CCU,2026-04-20 17:33:41.702,2026-04-20 19:02:41.702,False,89.0,2026-04-20
SJ023,SPICEJET,HYD,MAA,2026-04-20 17:27:41.701,2026-04-20 19:09:41.701,False,102.0,2026-04-20
UK152,VISTARA,BOM,CCU,2026-04-20 17:24:41.703,2026-04-20 20:13:41.703,False,169.0,2026-04-20
SJ202,SPICEJET,CCU,HYD,2026-04-20 17:21:41.703,2026-04-20 19:08:41.703,False,107.0,2026-04-20
6F043,INDIGO,BOM,HYD,2026-04-20 17:17:41.701,2026-04-20 18:43:41.701,False,86.0,2026-04-20
UK173,VISTARA,MAA,BLR,2026-04-20 17:06:41.703,2026-04-20 21:22:41.703,False,256.0,2026-04-20
SJ081,SPICEJET,BOM,BLR,2026-04-20 17:04:41.702,2026-04-20 18:53:41.702,False,109.0,2026-04-20
UK153,VISTARA,CCU,HYD,2026-04-20 16:52:41.703,2026-04-20 20:53:41.703,False,241.0,2026-04-20
UK187,VISTARA,BLR,BOM,2026-04-20 16:52:41.703,2026-04-20 18:42:41.703,False,110.0,2026-04-20
UK055,VISTARA,HYD,DEL,2026-04-20 16:48:41.701,2026-04-20 19:31:41.701,False,163.0,2026-04-20
UK181,VISTARA,MAA,DEL,2026-04-20 16:44:41.703,2026-04-20 19:26:41.703,False,162.0,2026-04-20
UK074,VISTARA,BOM,DEL,2026-04-20 16:44:41.702,2026-04-20 18:41:41.702,False,117.0,2026-04-20
SJ068,SPICEJET,BLR,BOM,2026-04-20 16:44:41.701,2026-04-20 18:48:41.701,False,124.0,2026-04-20
AI242,AIR INDIA,BLR,CCU,2026-04-20 16:41:41.704,2026-04-20 17:43:41.704,False,62.0,2026-04-20
SJ237,SPICEJET,BOM,CCU,2026-04-20 16:32:41.704,2026-04-20 19:00:41.704,False,148.0,2026-04-20
6F194,INDIGO,BOM,CCU,2026-04-20 16:29:41.703,2026-04-20 18:27:41.703,False,118.0,2026-04-20
UK063,VISTARA,DEL,BOM,2026-04-20 16:29:41.701,2026-04-20 17:41:41.701,False,72.0,2026-04-20
UK068,VISTARA,BLR,MAA,2026-04-20 16:28:41.701,2026-04-20 18:09:41.701,False,101.0,2026-04-20
UK224,VISTARA,CCU,MAA,2026-04-20 16:25:41.704,2026-04-20 20:24:41.704,False,239.0,2026-04-20
UK077,VISTARA,HYD,BOM,2026-04-20 16:22:41.702,2026-04-20 18:00:41.702,False,98.0,2026-04-20
UK207,VISTARA,MAA,CCU,2026-04-20 16:21:41.703,2026-04-20 17:36:41.703,False,75.0,2026-04-20
AI221,AIR INDIA,MAA,HYD,2026-04-20 16:18:41.703,2026-04-20 18:54:41.703,False,156.0,2026-04-20
UK109,VISTARA,BLR,BOM,2026-04-20 16:06:41.702,2026-04-20 17:06:42.000,False,60.0,2026-04-20
UK089,VISTARA,BOM,HYD,2026-04-20 15:38:41.702,2026-04-20 19:50:41.702,False,252.0,2026-04-20
AI072,AIR INDIA,BLR,CCU,2026-04-20 15:34:41.702,2026-04-20 16:32:41.702,False,58.0,2026-04-20
UK131,VISTARA,BOM,DEL,2026-04-20 15:33:41.702,2026-04-20 19:39:41.702,False,246.0,2026-04-20
SJ150,SPICEJET,BOM,HYD,2026-04-20 15:33:41.702,2026-04-20 19:03:41.702,False,210.0,2026-04-20
6F097,INDIGO,BLR,BOM,2026-04-20 15:32:41.702,2026-04-20 16:49:41.702,False,77.0,2026-04-20
6F123,INDIGO,DEL,HYD,2026-04-20 15:26:41.702,2026-04-20 17:12:41.702,False,106.0,2026-04-20
6F017,INDIGO,CCU,BOM,2026-04-20 15:25:41.701,2026-04-20 18:06:41.701,False,161.0,2026-04-20
6F245,INDIGO,CCU,BOM,2026-04-20 15:25:41.701,2026-04-20 18:06:41.701,False,161.0,2026-04-20
6F180,INDIGO,MAA,BLR,2026-04-20 15:24:41.703,2026-04-20 19:48:41.703,False,264.0,2026-04-20
6F152,INDIGO,CCU,DEL,2026-04-20 15:21:41.703,2026-04-20 17:25:41.703,False,124.0,2026-04-20
SJ034,SPICEJET,MAA,BOM,2026-04-20 15:20:41.701,2026-04-20 20:11:41.701,False,291.0,2026-04-20
SJ142,SPICEJET,CCU,BOM,2026-04-20 15:14:41.702,2026-04-20 16:56:41.702,False,102.0,2026-04-20
UK189,VISTARA,BLR,MAA,2026-04-20 15:07:41.703,2026-04-20 18:51:41.703,False,224.0,2026-04-20
SJ044,SPICEJET,DEL,CCU,2026-04-20 15:06:41.701,2026-04-20 17:43:41.701,False,157.0,2026-04-20
SJ196,SPICEJET,DEL,HYD,2026-04-20 14:58:41.703,2026-04-20 17:44:41.703,False,166.0,2026-04-20
6F188,INDIGO,DEL,HYD,2026-04-20 14:57:41.703,2026-04-20 19:39:41.703,False,282.0,2026-04-20
6F181,INDIGO,BOM,MAA,2026-04-20 14:55:41.703,2026-04-20 16:43:41.703,False,108.0,2026-04-20
6F077,INDIGO,CCU,DEL,2026-04-20 14:55:41.702,2026-04-20 19:13:41.702,False,258.0,2026-04-20
SJ154,SPICEJET,BLR,HYD,2026-04-20 14:47:41.702,2026-04-20 16:26:41.702,False,99.0,2026-04-20
AI025,AIR INDIA,HYD,DEL,2026-04-20 14:46:41.701,2026-04-20 17:11:41.701,False,145.0,2026-04-20
AI094,AIR INDIA,DEL,BLR,2026-04-20 14:44:41.702,2026-04-20 15:44:42.000,False,60.0,2026-04-20
6F191,INDIGO,BLR,DEL,2026-04-20 14:41:41.703,2026-04-20 15:11:41.703,False,30.0,2026-04-20
SJ085,SPICEJET,BLR,MAA,2026-04-20 14:41:41.702,2026-04-20 19:11:41.702,False,270.0,2026-04-20
6F261,INDIGO,CCU,DEL,2026-04-20 14:31:41.703,2026-04-20 17:29:41.703,False,178.0,2026-04-20
6F129,INDIGO,DEL,CCU,2026-04-20 14:28:41.702,2026-04-20 16:47:41.702,False,139.0,2026-04-20
6F254,INDIGO,MAA,BLR,2026-04-20 14:26:41.703,2026-04-20 18:01:41.703,False,215.0,2026-04-20
SJ185,SPICEJET,BOM,CCU,2026-04-20 14:21:41.703,2026-04-20 15:21:41.703,False,60.0,2026-04-20
6F030,INDIGO,BOM,DEL,2026-04-20 14:20:41.701,2026-04-20 17:10:41.701,False,170.0,2026-04-20
SJ222,SPICEJET,BOM,DEL,2026-04-20 14:15:41.703,2026-04-20 17:09:41.703,False,174.0,2026-04-20
6F259,INDIGO,BOM,DEL,2026-04-20 14:10:41.703,2026-04-20 15:21:41.703,False,71.0,2026-04-20
UK083,VISTARA,DEL,HYD,2026-04-20 14:10:41.702,2026-04-20 14:59:41.702,False,49.0,2026-04-20
6F051,INDIGO,BLR,BOM,2026-04-20 13:58:41.701,2026-04-20 15:58:41.701,False,120.0,2026-04-20
SJ088,SPICEJET,CCU,MAA,2026-04-20 13:54:41.702,2026-04-20 14:26:41.702,False,32.0,2026-04-20
6F146,INDIGO,HYD,MAA,2026-04-20 13:51:41.703,2026-04-20 15:07:41.703,False,76.0,2026-04-20
6F047,INDIGO,MAA,DEL,2026-04-20 13:50:41.701,2026-04-20 15:55:41.701,False,125.0,2026-04-20
AI077,AIR INDIA,CCU,HYD,2026-04-20 13:45:41.702,2026-04-20 14:51:41.702,False,66.0,2026-04-20
UK134,VISTARA,HYD,CCU,2026-04-20 13:44:41.702,2026-04-20 17:26:41.702,False,222.0,2026-04-20
AI056,AIR INDIA,DEL,MAA,2026-04-20 13:44:41.701,2026-04-20 17:39:41.701,False,235.0,2026-04-20
UK141,VISTARA,HYD,MAA,2026-04-20 13:38:41.703,2026-04-20 15:59:41.703,False,141.0,2026-04-20
AI030,AIR INDIA,CCU,HYD,2026-04-20 13:33:41.701,2026-04-20 16:52:41.701,False,199.0,2026-04-20
AI029,AIR INDIA,MAA,DEL,2026-04-20 13:29:41.701,2026-04-20 17:53:41.701,False,264.0,2026-04-20
SJ167,SPICEJET,MAA,CCU,2026-04-20 13:18:41.703,2026-04-20 14:12:41.703,False,54.0,2026-04-20
UK017,VISTARA,BLR,HYD,2026-04-20 13:14:41.701,2026-04-20 14:49:41.701,False,95.0,2026-04-20
6F229,INDIGO,MAA,DEL,2026-04-20 13:10:41.704,2026-04-20 14:30:41.704,False,80.0,2026-04-20
SJ117,SPICEJET,MAA,BLR,2026-04-20 13:10:41.702,2026-04-20 17:06:41.702,False,236.0,2026-04-20
6F184,INDIGO,MAA,BOM,2026-04-20 13:05:41.703,2026-04-20 16:04:41.703,False,179.0,2026-04-20
AI031,AIR INDIA,DEL,MAA,2026-04-20 13:05:41.701,2026-04-20 16:11:41.701,False,186.0,2026-04-20
AI178,AIR INDIA,CCU,BLR,2026-04-20 13:04:41.703,2026-04-20 14:03:41.703,False,59.0,2026-04-20
SJ089,SPICEJET,HYD,CCU,2026-04-20 12:42:41.702,2026-04-20 17:15:41.702,False,273.0,2026-04-20
UK166,VISTARA,HYD,MAA,2026-04-20 12:39:41.703,2026-04-20 17:32:41.703,False,293.0,2026-04-20
UK104,VISTARA,DEL,BOM,2026-04-20 12:30:41.702,2026-04-20 13:52:41.702,False,82.0,2026-04-20
6F168,INDIGO,HYD,DEL,2026-04-20 12:18:41.703,2026-04-20 15:58:41.703,False,220.0,2026-04-20
AI222,AIR INDIA,BOM,DEL,2026-04-20 12:10:41.703,2026-04-20 13:14:41.703,False,64.0,2026-04-20
SJ025,SPICEJET,BOM,CCU,2026-04-20 12:02:41.701,2026-04-20 15:29:41.701,False,207.0,2026-04-20
6F255,INDIGO,DEL,BOM,2026-04-20 11:59:41.703,2026-04-20 15:33:41.703,False,214.0,2026-04-20
UK228,VISTARA,DEL,MAA,2026-04-20 11:58:41.704,2026-04-20 15:08:41.704,False,190.0,2026-04-20
6F158,INDIGO,CCU,MAA,2026-04-20 11:58:41.703,2026-04-20 16:04:41.703,False,246.0,2026-04-20
SJ218,SPICEJET,DEL,HYD,2026-04-20 11:58:41.703,2026-04-20 15:03:41.703,False,185.0,2026-04-20
6F034,INDIGO,BOM,DEL,2026-04-20 11:53:41.701,2026-04-20 12:49:41.701,False,56.0,2026-04-20
UK156,VISTARA,MAA,BLR,2026-04-20 11:50:41.703,2026-04-20 15:54:41.703,False,244.0,2026-04-20
6F105,INDIGO,BLR,BOM,2026-04-20 11:46:41.702,2026-04-20 12:58:41.702,False,72.0,2026-04-20
6F073,INDIGO,DEL,CCU,2026-04-20 11:38:41.702,2026-04-20 15:18:41.702,False,220.0,2026-04-20
SJ074,SPICEJET,DEL,CCU,2026-04-20 11:21:41.701,2026-04-20 12:02:41.701,False,41.0,2026-04-20
6F234,INDIGO,BOM,DEL,2026-04-20 11:20:41.704,2026-04-20 14:11:41.704,False,171.0,2026-04-20
6F068,INDIGO,BLR,HYD,2026-04-20 11:17:41.701,2026-04-20 15:06:41.701,False,229.0,2026-04-20
6F074,INDIGO,HYD,BOM,2026-04-20 11:09:41.702,2026-04-20 14:29:41.702,False,200.0,2026-04-20
AI038,AIR INDIA,HYD,MAA,2026-04-20 11:05:41.701,2026-04-20 15:44:41.701,False,279.0,2026-04-20
AI079,AIR INDIA,CCU,BLR,2026-04-20 11:04:41.702,2026-04-20 13:19:41.702,False,135.0,2026-04-20
SJ018,SPICEJET,BOM,CCU,2026-04-20 10:58:41.701,2026-04-20 13:31:41.701,False,153.0,2026-04-20
6F018,INDIGO,DEL,BLR,2026-04-20 10:57:41.701,2026-04-20 11:43:41.701,False,46.0,2026-04-20
AI091,AIR INDIA,CCU,MAA,2026-04-20 10:52:41.702,2026-04-20 15:15:41.702,False,263.0,2026-04-20
UK071,VISTARA,DEL,HYD,2026-04-20 10:50:41.701,2026-04-20 14:06:41.701,False,196.0,2026-04-20
AI019,AIR INDIA,BOM,CCU,2026-04-20 10:49:41.701,2026-04-20 11:51:41.701,False,62.0,2026-04-20
UK212,VISTARA,HYD,MAA,2026-04-20 10:46:41.704,2026-04-20 11:31:41.704,False,45.0,2026-04-20
AI146,AIR INDIA,BLR,DEL,2026-04-20 10:40:41.702,2026-04-20 13:46:41.702,False,186.0,2026-04-20
6F232,INDIGO,MAA,BLR,2026-04-20 10:39:41.704,2026-04-20 12:22:41.704,False,103.0,2026-04-20
6F084,INDIGO,CCU,HYD,2026-04-20 10:34:41.702,2026-04-20 11:34:42.000,False,60.0,2026-04-20
AI129,AIR INDIA,BOM,CCU,2026-04-20 10:29:41.702,2026-04-20 13:38:41.702,False,189.0,2026-04-20
AI240,AIR INDIA,MAA,DEL,2026-04-20 10:19:41.704,2026-04-20 12:46:41.704,False,147.0,2026-04-20
6F091,INDIGO,BLR,CCU,2026-04-20 10:10:41.702,2026-04-20 11:36:41.702,False,86.0,2026-04-20
UK133,VISTARA,BOM,DEL,2026-04-20 10:04:41.702,2026-04-20 13:16:41.702,False,192.0,2026-04-20
SJ007,SPICEJET,BOM,CCU,2026-04-20 10:03:41.701,2026-04-20 14:53:41.701,False,290.0,2026-04-20
SJ141,SPICEJET,CCU,DEL,2026-04-20 10:00:41.702,2026-04-20 13:37:41.702,False,217.0,2026-04-20
6F049,INDIGO,HYD,DEL,2026-04-20 10:00:41.701,2026-04-20 13:13:41.701,False,193.0,2026-04-20
SJ235,SPICEJET,BOM,DEL,2026-04-20 09:57:41.704,2026-04-20 13:45:41.704,False,228.0,2026-04-20
UK087,VISTARA,HYD,MAA,2026-04-20 09:49:41.702,2026-04-20 13:17:41.702,False,208.0,2026-04-20
UK170,VISTARA,BOM,BLR,2026-04-20 09:42:41.703,2026-04-20 11:32:41.703,False,110.0,2026-04-20
SJ078,SPICEJET,DEL,HYD,2026-04-20 09:41:41.701,2026-04-20 12:49:41.701,False,188.0,2026-04-20
SJ075,SPICEJET,MAA,BLR,2026-04-20 09:26:41.701,2026-04-20 11:03:41.701,False,97.0,2026-04-20
AI159,AIR INDIA,HYD,BLR,2026-04-20 09:23:41.703,2026-04-20 11:36:41.703,False,133.0,2026-04-20
UK120,VISTARA,HYD,DEL,2026-04-20 09:19:41.702,2026-04-20 13:30:41.702,False,251.0,2026-04-20
AI059,AIR INDIA,CCU,DEL,2026-04-20 09:16:41.701,2026-04-20 11:43:41.701,False,147.0,2026-04-20
UK040,VISTARA,HYD,CCU,2026-04-20 09:15:41.701,2026-04-20 10:32:41.701,False,77.0,2026-04-20
AI044,AIR INDIA,MAA,BLR,2026-04-20 09:03:41.701,2026-04-20 12:36:41.701,False,213.0,2026-04-20
AI078,AIR INDIA,DEL,BOM,2026-04-20 08:58:41.702,2026-04-20 13:28:41.702,False,270.0,2026-04-20
SJ226,SPICEJET,HYD,BOM,2026-04-20 08:47:41.704,2026-04-20 12:54:41.704,False,247.0,2026-04-20
6F209,INDIGO,MAA,CCU,2026-04-20 08:40:41.703,2026-04-20 13:40:41.703,False,300.0,2026-04-20
UK193,VISTARA,HYD,DEL,2026-04-20 08:39:41.703,2026-04-20 09:14:41.703,False,35.0,2026-04-20
6F092,INDIGO,MAA,BLR,2026-04-20 08:39:41.702,2026-04-20 09:15:41.702,False,36.0,2026-04-20
AI208,AIR INDIA,BLR,BOM,2026-04-20 08:38:41.703,2026-04-20 11:52:41.703,False,194.0,2026-04-20
SJ227,SPICEJET,BOM,CCU,2026-04-20 08:32:41.704,2026-04-20 12:53:41.704,False,261.0,2026-04-20
6F238,INDIGO,BOM,DEL,2026-04-20 08:31:41.704,2026-04-20 09:19:41.704,False,48.0,2026-04-20
AI084,AIR INDIA,BOM,HYD,2026-04-20 08:31:41.702,2026-04-20 09:46:41.702,False,75.0,2026-04-20
SJ228,SPICEJET,BOM,CCU,2026-04-20 08:29:41.704,2026-04-20 12:16:41.704,False,227.0,2026-04-20
UK194,VISTARA,CCU,BOM,2026-04-20 08:26:41.703,2026-04-20 09:26:42.000,False,60.0,2026-04-20
6F126,INDIGO,CCU,MAA,2026-04-20 08:21:41.702,2026-04-20 09:39:41.702,False,78.0,2026-04-20
SJ052,SPICEJET,MAA,BLR,2026-04-20 08:20:41.701,2026-04-20 09:57:41.701,False,97.0,2026-04-20
AI233,AIR INDIA,BLR,BOM,2026-04-20 08:04:41.704,2026-04-20 09:52:41.704,False,108.0,2026-04-20
AI213,AIR INDIA,HYD,CCU,2026-04-20 08:03:41.703,2026-04-20 09:14:41.703,False,71.0,2026-04-20
UK076,VISTARA,MAA,CCU,2026-04-20 08:03:41.702,2026-04-20 12:26:41.702,False,263.0,2026-04-20
SJ022,SPICEJET,DEL,BLR,2026-04-20 07:56:41.701,2026-04-20 11:07:41.701,False,191.0,2026-04-20
SJ002,SPICEJET,DEL,BOM,2026-04-20 07:54:41.701,2026-04-20 12:40:41.701,False,286.0,2026-04-20
AI163,AIR INDIA,HYD,MAA,2026-04-20 07:45:41.703,2026-04-20 08:46:41.703,False,61.0,2026-04-20
UK229,VISTARA,HYD,DEL,2026-04-20 07:40:41.704,2026-04-20 11:57:41.704,False,257.0,2026-04-20
UK185,VISTARA,DEL,MAA,2026-04-20 07:31:41.703,2026-04-20 08:48:41.703,False,77.0,2026-04-20
6F029,INDIGO,BOM,BLR,2026-04-20 07:31:41.701,2026-04-20 11:45:41.701,False,254.0,2026-04-20
6F056,INDIGO,BOM,MAA,2026-04-20 07:00:41.701,2026-04-20 08:49:41.701,False,109.0,2026-04-20
AI062,AIR INDIA,MAA,DEL,2026-04-20 06:49:41.701,2026-04-20 07:25:41.701,False,36.0,2026-04-20
UK034,VISTARA,DEL,BLR,2026-04-20 06:47:41.701,2026-04-20 10:11:41.701,False,204.0,2026-04-20
UK079,VISTARA,DEL,BLR,2026-04-20 06:43:41.702,2026-04-20 10:34:41.702,False,231.0,2026-04-20
AI135,AIR INDIA,BLR,BOM,2026-04-20 06:40:41.702,2026-04-20 09:21:41.702,False,161.0,2026-04-20
SJ061,SPICEJET,MAA,BLR,2026-04-20 06:38:41.701,2026-04-20 09:35:41.701,False,177.0,2026-04-20
AI047,AIR INDIA,CCU,MAA,2026-04-20 06:36:41.701,2026-04-20 07:23:41.701,False,47.0,2026-04-20
UK210,VISTARA,DEL,CCU,2026-04-20 06:35:41.704,2026-04-20 07:30:41.704,False,55.0,2026-04-20
AI088,AIR INDIA,MAA,DEL,2026-04-20 06:34:41.702,2026-04-20 10:10:41.702,False,216.0,2026-04-20
UK177,VISTARA,DEL,HYD,2026-04-20 06:21:41.703,2026-04-20 10:50:41.703,False,269.0,2026-04-20
AI128,AIR INDIA,BOM,CCU,2026-04-20 06:07:41.702,2026-04-20 10:03:41.702,False,236.0,2026-04-20
AI158,AIR INDIA,CCU,DEL,2026-04-20 06:04:41.703,2026-04-20 09:01:41.703,False,177.0,2026-04-20
UK206,VISTARA,MAA,BLR,2026-04-20 06:01:41.703,2026-04-20 10:34:41.703,False,273.0,2026-04-20
SJ138,SPICEJET,BLR,BOM,2026-04-20 05:55:41.702,2026-04-20 06:43:41.702,False,48.0,2026-04-20
AI034,AIR INDIA,DEL,BOM,2026-04-20 05:48:41.701,2026-04-20 10:31:41.701,False,283.0,2026-04-20
AI012,AIR INDIA,BOM,CCU,2026-04-20 05:44:41.701,2026-04-20 09:47:41.701,False,243.0,2026-04-20
6F083,INDIGO,BLR,DEL,2026-04-20 05:24:41.702,2026-04-20 06:03:41.702,False,39.0,2026-04-20
SJ083,SPICEJET,MAA,BLR,2026-04-20 05:13:41.702,2026-04-20 08:17:41.702,False,184.0,2026-04-20
SJ186,SPICEJET,CCU,DEL,2026-04-20 05:11:41.703,2026-04-20 07:22:41.703,False,131.0,2026-04-20
UK001,VISTARA,CCU,DEL,2026-04-20 05:06:41.700,2026-04-20 06:31:41.700,False,85.0,2026-04-20
AI217,AIR INDIA,CCU,BLR,2026-04-20 04:57:41.703,2026-04-20 07:14:41.703,False,137.0,2026-04-20
6F178,INDIGO,BOM,CCU,2026-04-20 04:48:41.703,2026-04-20 09:11:41.703,False,263.0,2026-04-20
UK015,VISTARA,BLR,BOM,2026-04-20 04:46:41.701,2026-04-20 06:33:41.701,False,107.0,2026-04-20
AI112,AIR INDIA,DEL,BLR,2026-04-20 04:41:41.702,2026-04-20 08:24:41.702,False,223.0,2026-04-20
UK100,VISTARA,CCU,BLR,2026-04-20 04:40:41.702,2026-04-20 07:12:41.702,False,152.0,2026-04-20
6F133,INDIGO,MAA,BLR,2026-04-20 04:38:41.702,2026-04-20 06:25:41.702,False,107.0,2026-04-20
AI227,AIR INDIA,BLR,MAA,2026-04-20 04:31:41.703,2026-04-20 08:17:41.703,False,226.0,2026-04-20
UK093,VISTARA,HYD,CCU,2026-04-20 04:31:41.702,2026-04-20 05:21:41.702,False,50.0,2026-04-20
UK203,VISTARA,BLR,HYD,2026-04-20 04:12:41.703,2026-04-20 05:24:41.703,False,72.0,2026-04-20
UK154,VISTARA,MAA,HYD,2026-04-20 04:00:41.703,2026-04-20 07:57:41.703,False,237.0,2026-04-20
UK073,VISTARA,BLR,CCU,2026-04-20 03:59:41.702,2026-04-20 08:09:41.702,False,250.0,2026-04-20
AI164,AIR INDIA,DEL,BLR,2026-04-20 03:57:41.703,2026-04-20 05:45:41.703,False,108.0,2026-04-20
UK008,VISTARA,CCU,BLR,2026-04-20 03:57:41.701,2026-04-20 04:34:41.701,False,37.0,2026-04-20
UK051,VISTARA,HYD,DEL,2026-04-20 03:55:41.701,2026-04-20 06:55:41.701,False,180.0,2026-04-20
UK208,VISTARA,DEL,CCU,2026-04-20 03:54:41.704,2026-04-20 08:51:41.704,False,297.0,2026-04-20
AI150,AIR INDIA,BOM,DEL,2026-04-20 03:51:41.703,2026-04-20 04:38:41.703,False,47.0,2026-04-20
AI189,AIR INDIA,CCU,DEL,2026-04-20 03:44:41.703,2026-04-20 05:32:41.703,False,108.0,2026-04-20
6F230,INDIGO,CCU,BLR,2026-04-20 03:34:41.704,2026-04-20 06:47:41.704,False,193.0,2026-04-20
6F169,INDIGO,BOM,DEL,2026-04-20 03:27:41.703,2026-04-20 08:06:41.703,False,279.0,2026-04-20
AI205,AIR INDIA,BLR,BOM,2026-04-20 03:26:41.703,2026-04-20 05:14:41.703,False,108.0,2026-04-20
AI103,AIR INDIA,BLR,BOM,2026-04-20 03:26:41.702,2026-04-20 04:04:41.702,False,38.0,2026-04-20
6F250,INDIGO,DEL,BLR,2026-04-20 03:26:41.701,2026-04-20 07:30:41.701,False,244.0,2026-04-20
AI246,AIR INDIA,BOM,BLR,2026-04-20 03:22:41.704,2026-04-20 06:41:41.704,False,199.0,2026-04-20
6F187,INDIGO,BOM,MAA,2026-04-20 03:19:41.703,2026-04-20 07:37:41.703,False,258.0,2026-04-20
AI082,AIR INDIA,DEL,CCU,2026-04-20 03:19:41.702,2026-04-20 06:01:41.702,False,162.0,2026-04-20
UK116,VISTARA,CCU,BOM,2026-04-20 03:18:41.702,2026-04-20 07:06:41.702,False,228.0,2026-04-20
SJ169,SPICEJET,BOM,MAA,2026-04-20 03:10:41.703,2026-04-20 07:56:41.703,False,286.0,2026-04-20
AI175,AIR INDIA,BOM,HYD,2026-04-20 03:08:41.703,2026-04-20 06:55:41.703,False,227.0,2026-04-20
SJ098,SPICEJET,HYD,MAA,2026-04-20 03:02:41.702,2026-04-20 03:37:41.702,False,35.0,2026-04-20
SJ191,SPICEJET,BLR,BOM,2026-04-20 03:01:41.703,2026-04-20 04:23:41.703,False,82.0,2026-04-20
SJ017,SPICEJET,DEL,MAA,2026-04-20 02:57:41.701,2026-04-20 05:00:41.701,False,123.0,2026-04-20
UK188,VISTARA,MAA,BLR,2026-04-20 02:55:41.703,2026-04-20 03:44:41.703,False,49.0,2026-04-20
AI196,AIR INDIA,MAA,HYD,2026-04-20 02:52:41.703,2026-04-20 04:25:41.703,False,93.0,2026-04-20
AI068,AIR INDIA,BOM,BLR,2026-04-20 02:48:41.702,2026-04-20 04:48:42.000,False,120.0,2026-04-20
SJ097,SPICEJET,BOM,CCU,2026-04-20 02:37:41.702,2026-04-20 05:27:41.702,False,170.0,2026-04-20
SJ030,SPICEJET,DEL,HYD,2026-04-20 02:36:41.701,2026-04-20 03:19:41.701,False,43.0,2026-04-20
6F179,INDIGO,HYD,MAA,2026-04-20 02:25:41.703,2026-04-20 06:40:41.703,False,255.0,2026-04-20
6F156,INDIGO,MAA,BOM,2026-04-20 02:23:41.703,2026-04-20 04:57:41.703,False,154.0,2026-04-20
6F250,INDIGO,CCU,BLR,2026-04-20 02:23:41.702,2026-04-20 02:56:41.702,False,33.0,2026-04-20
SJ057,SPICEJET,BOM,CCU,2026-04-20 02:17:41.701,2026-04-20 05:29:41.701,False,192.0,2026-04-20
6F036,INDIGO,CCU,BLR,2026-04-20 02:14:41.701,2026-04-20 06:57:41.701,False,283.0,2026-04-20
6F201,INDIGO,CCU,BOM,2026-04-20 02:09:41.703,2026-04-20 06:49:41.703,False,280.0,2026-04-20
6F143,INDIGO,CCU,DEL,2026-04-20 02:09:41.702,2026-04-20 06:08:41.702,False,239.0,2026-04-20
6F177,INDIGO,HYD,MAA,2026-04-20 02:03:41.703,2026-04-20 04:25:41.703,False,142.0,2026-04-20
6F031,INDIGO,BOM,BLR,2026-04-20 02:00:41.701,2026-04-20 06:37:41.701,False,277.0,2026-04-20
UK165,VISTARA,DEL,BLR,2026-04-20 01:51:41.703,2026-04-20 06:04:41.703,False,253.0,2026-04-20
6F122,INDIGO,DEL,BLR,2026-04-20 01:44:41.702,2026-04-20 05:28:41.702,False,224.0,2026-04-20
AI009,AIR INDIA,DEL,CCU,2026-04-20 01:31:41.701,2026-04-20 04:05:41.701,False,154.0,2026-04-20
6F046,INDIGO,DEL,BLR,2026-04-20 01:27:41.701,2026-04-20 05:08:41.701,False,221.0,2026-04-20
AI051,AIR INDIA,MAA,BLR,2026-04-20 01:27:41.701,2026-04-20 02:22:41.701,False,55.0,2026-04-20
UK222,VISTARA,BOM,CCU,2026-04-20 01:22:41.704,2026-04-20 02:57:41.704,False,95.0,2026-04-20
SJ127,SPICEJET,BOM,DEL,2026-04-20 01:21:41.702,2026-04-20 03:58:41.702,False,157.0,2026-04-20
AI226,AIR INDIA,BLR,HYD,2026-04-20 01:19:41.703,2026-04-20 04:08:41.703,False,169.0,2026-04-20
AI216,AIR INDIA,BOM,CCU,2026-04-20 01:10:41.703,2026-04-20 02:34:41.703,False,84.0,2026-04-20
6F058,INDIGO,BOM,CCU,2026-04-20 01:04:41.701,2026-04-20 03:33:41.701,False,149.0,2026-04-20
SJ207,SPICEJET,DEL,CCU,2026-04-20 00:52:41.703,2026-04-20 04:05:41.703,False,193.0,2026-04-20
SJ198,SPICEJET,CCU,BOM,2026-04-20 00:47:41.703,2026-04-20 05:28:41.703,False,281.0,2026-04-20
SJ108,SPICEJET,BLR,HYD,2026-04-20 00:40:41.702,2026-04-20 03:16:41.702,False,156.0,2026-04-20
SJ155,SPICEJET,DEL,CCU,2026-04-20 00:38:41.702,2026-04-20 05:38:41.702,False,300.0,2026-04-20
6F193,INDIGO,BOM,MAA,2026-04-20 00:34:41.703,2026-04-20 02:32:41.703,False,118.0,2026-04-20
6F019,INDIGO,BLR,BOM,2026-04-20 00:19:41.701,2026-04-20 04:14:41.701,False,235.0,2026-04-20
AI102,AIR INDIA,CCU,BLR,2026-04-20 00:17:41.702,2026-04-20 05:08:41.702,False,291.0,2026-04-20
6F166,INDIGO,BOM,CCU,2026-04-20 00:03:41.703,2026-04-20 04:33:41.703,False,270.0,2026-04-20
UK175,VISTARA,BLR,BOM,2026-04-19 23:56:41.703,2026-04-20 03:18:41.703,True,202.0,2026-04-19
6F010,INDIGO,DEL,BLR,2026-04-19 23:53:41.701,2026-04-20 03:44:41.701,True,231.0,2026-04-19
AI234,AIR INDIA,BOM,MAA,2026-04-19 23:50:41.704,2026-04-20 01:34:41.704,True,104.0,2026-04-19
UK135,VISTARA,HYD,DEL,2026-04-19 23:50:41.702,2026-04-20 01:43:41.702,True,113.0,2026-04-19
6F272,INDIGO,HYD,MAA,2026-04-19 23:35:41.702,2026-04-20 00:22:41.702,True,47.0,2026-04-19
AI061,AIR INDIA,BOM,CCU,2026-04-19 23:31:41.701,2026-04-20 01:02:41.701,True,91.0,2026-04-19
6F070,INDIGO,HYD,DEL,2026-04-19 23:23:41.701,2026-04-20 02:24:41.701,True,181.0,2026-04-19
AI015,AIR INDIA,BLR,CCU,2026-04-19 23:21:41.701,2026-04-20 01:15:41.701,True,114.0,2026-04-19
SJ076,SPICEJET,DEL,MAA,2026-04-19 23:01:41.701,2026-04-20 02:02:41.701,True,181.0,2026-04-19
SJ029,SPICEJET,HYD,DEL,2026-04-19 22:55:41.701,2026-04-20 00:22:41.701,True,87.0,2026-04-19
SJ194,SPICEJET,CCU,DEL,2026-04-19 22:46:41.703,2026-04-20 02:31:41.703,True,225.0,2026-04-19
AI235,AIR INDIA,BLR,HYD,2026-04-19 22:45:41.704,2026-04-20 02:12:41.704,True,207.0,2026-04-19
SJ048,SPICEJET,MAA,BLR,2026-04-19 22:43:41.701,2026-04-20 00:19:41.701,True,96.0,2026-04-19
SJ114,SPICEJET,HYD,DEL,2026-04-19 22:42:41.702,2026-04-20 02:02:41.702,True,200.0,2026-04-19
SJ146,SPICEJET,HYD,BLR,2026-04-19 22:37:41.702,2026-04-20 00:33:41.702,True,116.0,2026-04-19
UK041,VISTARA,HYD,MAA,2026-04-19 22:37:41.701,2026-04-19 23:44:41.701,False,67.0,2026-04-19
6F075,INDIGO,BOM,CCU,2026-04-19 22:20:41.702,2026-04-20 03:02:41.702,True,282.0,2026-04-19
SJ020,SPICEJET,BLR,BOM,2026-04-19 22:18:41.701,2026-04-20 02:27:41.701,True,249.0,2026-04-19
SJ099,SPICEJET,MAA,BLR,2026-04-19 22:14:41.702,2026-04-20 00:34:41.702,True,140.0,2026-04-19
6F078,INDIGO,BOM,CCU,2026-04-19 22:04:41.702,2026-04-19 23:37:41.702,False,93.0,2026-04-19
UK219,VISTARA,BOM,HYD,2026-04-19 22:03:41.704,2026-04-20 02:21:41.704,True,258.0,2026-04-19
UK223,VISTARA,CCU,DEL,2026-04-19 21:58:41.704,2026-04-19 22:30:41.704,False,32.0,2026-04-19
UK227,VISTARA,BOM,HYD,2026-04-19 21:57:41.704,2026-04-20 01:47:41.704,True,230.0,2026-04-19
6F260,INDIGO,CCU,DEL,2026-04-19 21:51:41.702,2026-04-20 01:14:41.702,True,203.0,2026-04-19
AI096,AIR INDIA,CCU,DEL,2026-04-19 21:48:41.702,2026-04-20 02:46:41.702,True,298.0,2026-04-19
6F022,INDIGO,MAA,BLR,2026-04-19 21:46:41.701,2026-04-20 02:05:41.701,True,259.0,2026-04-19
6F237,INDIGO,HYD,MAA,2026-04-19 21:41:41.704,2026-04-20 00:44:41.704,True,183.0,2026-04-19
UK146,VISTARA,BOM,MAA,2026-04-19 21:40:41.703,2026-04-20 00:08:41.703,True,148.0,2026-04-19
SJ015,SPICEJET,BOM,CCU,2026-04-19 21:40:41.701,2026-04-19 22:52:41.701,False,72.0,2026-04-19
AI108,AIR INDIA,BLR,CCU,2026-04-19 21:32:41.702,2026-04-20 00:17:41.702,True,165.0,2026-04-19
UK020,VISTARA,MAA,BLR,2026-04-19 21:23:41.701,2026-04-19 22:38:41.701,False,75.0,2026-04-19
6F113,INDIGO,BOM,CCU,2026-04-19 21:04:41.702,2026-04-20 01:30:41.702,True,266.0,2026-04-19
6F112,INDIGO,HYD,DEL,2026-04-19 21:00:41.702,2026-04-19 23:16:41.702,False,136.0,2026-04-19
6F246,INDIGO,HYD,DEL,2026-04-19 21:00:41.702,2026-04-19 23:16:41.702,False,136.0,2026-04-19
UK158,VISTARA,BOM,MAA,2026-04-19 20:49:41.703,2026-04-19 21:22:41.703,False,33.0,2026-04-19
UK159,VISTARA,CCU,BLR,2026-04-19 20:45:41.703,2026-04-19 23:32:41.703,False,167.0,2026-04-19
UK084,VISTARA,MAA,DEL,2026-04-19 20:44:41.702,2026-04-20 00:20:41.702,True,216.0,2026-04-19
SJ206,SPICEJET,DEL,CCU,2026-04-19 20:43:41.703,2026-04-20 01:21:41.703,True,278.0,2026-04-19
UK044,VISTARA,BLR,BOM,2026-04-19 20:31:41.701,2026-04-19 23:29:41.701,False,178.0,2026-04-19
SJ036,SPICEJET,DEL,HYD,2026-04-19 20:24:41.701,2026-04-19 23:54:41.701,False,210.0,2026-04-19
6F176,INDIGO,CCU,DEL,2026-04-19 20:23:42.000,2026-04-19 23:23:42.000,False,180.0,2026-04-19
6F148,INDIGO,CCU,BOM,2026-04-19 20:23:41.703,2026-04-19 22:30:41.703,False,127.0,2026-04-19
6F202,INDIGO,HYD,BLR,2026-04-19 20:18:41.703,2026-04-19 23:48:41.703,False,210.0,2026-04-19
6F071,INDIGO,DEL,CCU,2026-04-19 20:18:41.702,2026-04-20 00:31:41.702,True,253.0,2026-04-19
AI105,AIR INDIA,CCU,DEL,2026-04-19 20:16:41.702,2026-04-19 22:03:41.702,False,107.0,2026-04-19
AI241,AIR INDIA,HYD,BLR,2026-04-19 20:11:41.704,2026-04-19 22:18:41.704,False,127.0,2026-04-19
SJ162,SPICEJET,DEL,HYD,2026-04-19 20:11:41.703,2026-04-19 22:30:41.703,False,139.0,2026-04-19
6F003,INDIGO,HYD,BOM,2026-04-19 20:06:41.700,2026-04-19 23:13:41.700,False,187.0,2026-04-19
6F249,INDIGO,HYD,BOM,2026-04-19 20:06:41.700,2026-04-19 23:13:41.700,False,187.0,2026-04-19
AI237,AIR INDIA,BOM,CCU,2026-04-19 19:58:41.704,2026-04-19 23:13:41.704,False,195.0,2026-04-19
SJ134,SPICEJET,BOM,CCU,2026-04-19 19:58:41.702,2026-04-20 00:15:41.702,True,257.0,2026-04-19
AI071,AIR INDIA,BOM,MAA,2026-04-19 19:55:41.702,2026-04-19 22:58:41.702,False,183.0,2026-04-19
6F118,INDIGO,CCU,HYD,2026-04-19 19:52:41.702,2026-04-19 21:01:41.702,False,69.0,2026-04-19
6F014,INDIGO,DEL,MAA,2026-04-19 19:42:41.701,2026-04-19 23:15:41.701,False,213.0,2026-04-19
6F065,INDIGO,MAA,BLR,2026-04-19 19:40:41.701,2026-04-19 22:23:41.701,False,163.0,2026-04-19
6F271,INDIGO,HYD,MAA,2026-04-19 19:33:41.702,2026-04-19 22:52:41.702,False,199.0,2026-04-19
SJ070,SPICEJET,MAA,CCU,2026-04-19 18:55:41.701,2026-04-19 20:48:41.701,False,113.0,2026-04-19
6F007,INDIGO,HYD,MAA,2026-04-19 18:55:41.701,2026-04-19 19:54:41.701,False,59.0,2026-04-19
UK007,VISTARA,DEL,HYD,2026-04-19 18:50:41.701,2026-04-19 21:04:41.701,False,134.0,2026-04-19
AI097,AIR INDIA,HYD,MAA,2026-04-19 18:42:41.702,2026-04-19 23:34:41.702,False,292.0,2026-04-19
6F256,INDIGO,BOM,CCU,2026-04-19 18:40:41.702,2026-04-19 19:13:41.702,False,33.0,2026-04-19
UK047,VISTARA,BLR,HYD,2026-04-19 18:40:41.701,2026-04-19 22:45:41.701,False,245.0,2026-04-19
AI024,AIR INDIA,MAA,BOM,2026-04-19 18:38:41.701,2026-04-19 19:45:41.701,False,67.0,2026-04-19
UK113,VISTARA,CCU,DEL,2026-04-19 18:34:41.702,2026-04-19 22:58:41.702,False,264.0,2026-04-19
SJ163,SPICEJET,DEL,HYD,2026-04-19 18:32:41.703,2026-04-19 23:08:41.703,False,276.0,2026-04-19
SJ208,SPICEJET,DEL,HYD,2026-04-19 18:32:41.703,2026-04-19 19:33:41.703,False,61.0,2026-04-19
SJ221,SPICEJET,MAA,HYD,2026-04-19 18:31:41.703,2026-04-19 23:17:41.703,False,286.0,2026-04-19
SJ084,SPICEJET,HYD,MAA,2026-04-19 18:31:41.702,2026-04-19 19:30:41.702,False,59.0,2026-04-19
6F127,INDIGO,HYD,BOM,2026-04-19 18:27:41.702,2026-04-19 22:28:41.702,False,241.0,2026-04-19
AI122,AIR INDIA,BOM,CCU,2026-04-19 18:25:41.702,2026-04-19 22:36:41.702,False,251.0,2026-04-19
AI139,AIR INDIA,HYD,MAA,2026-04-19 18:23:41.702,2026-04-19 19:24:41.702,False,61.0,2026-04-19
UK149,VISTARA,MAA,DEL,2026-04-19 18:22:41.703,2026-04-19 23:08:41.703,False,286.0,2026-04-19
AI149,AIR INDIA,BOM,HYD,2026-04-19 18:19:41.703,2026-04-19 21:36:41.703,False,197.0,2026-04-19
SJ243,SPICEJET,BLR,DEL,2026-04-19 18:17:41.704,2026-04-19 23:03:41.704,False,286.0,2026-04-19
AI053,AIR INDIA,CCU,DEL,2026-04-19 18:04:41.701,2026-04-19 22:19:41.701,False,255.0,2026-04-19
UK061,VISTARA,BLR,BOM,2026-04-19 17:58:41.701,2026-04-19 19:48:41.701,False,110.0,2026-04-19
SJ004,SPICEJET,MAA,DEL,2026-04-19 17:52:41.701,2026-04-19 21:01:41.701,False,189.0,2026-04-19
AI173,AIR INDIA,HYD,DEL,2026-04-19 17:36:41.703,2026-04-19 22:27:41.703,False,291.0,2026-04-19
6F085,INDIGO,HYD,MAA,2026-04-19 17:32:41.702,2026-04-19 19:32:42.000,False,120.0,2026-04-19
AI252,AIR INDIA,HYD,DEL,2026-04-19 17:30:41.704,2026-04-19 21:54:41.704,False,264.0,2026-04-19
SJ109,SPICEJET,BOM,DEL,2026-04-19 17:24:41.702,2026-04-19 20:28:41.702,False,184.0,2026-04-19
UK123,VISTARA,BOM,DEL,2026-04-19 17:24:41.702,2026-04-19 20:18:41.702,False,174.0,2026-04-19
6F125,INDIGO,BOM,CCU,2026-04-19 17:09:41.702,2026-04-19 21:13:41.702,False,244.0,2026-04-19
UK183,VISTARA,BLR,CCU,2026-04-19 17:07:41.703,2026-04-19 18:30:41.703,False,83.0,2026-04-19
AI110,AIR INDIA,BOM,CCU,2026-04-19 17:07:41.702,2026-04-19 22:00:41.702,False,293.0,2026-04-19
UK105,VISTARA,CCU,HYD,2026-04-19 17:04:41.702,2026-04-19 18:11:41.702,False,67.0,2026-04-19
6F128,INDIGO,HYD,DEL,2026-04-19 16:56:41.702,2026-04-19 18:03:41.702,False,67.0,2026-04-19
6F224,INDIGO,DEL,MAA,2026-04-19 16:53:41.704,2026-04-19 18:52:41.704,False,119.0,2026-04-19
SJ130,SPICEJET,BOM,DEL,2026-04-19 16:53:41.702,2026-04-19 20:53:41.702,False,240.0,2026-04-19
AI224,AIR INDIA,DEL,HYD,2026-04-19 16:51:41.703,2026-04-19 21:36:41.703,False,285.0,2026-04-19
SJ182,SPICEJET,CCU,BOM,2026-04-19 16:48:41.703,2026-04-19 17:36:41.703,False,48.0,2026-04-19
UK164,VISTARA,BOM,HYD,2026-04-19 16:46:41.703,2026-04-19 21:10:41.703,False,264.0,2026-04-19
AI161,AIR INDIA,CCU,BOM,2026-04-19 16:40:41.703,2026-04-19 19:40:41.703,False,180.0,2026-04-19
6F206,INDIGO,DEL,BOM,2026-04-19 16:39:41.703,2026-04-19 20:59:41.703,False,260.0,2026-04-19
SJ204,SPICEJET,CCU,DEL,2026-04-19 16:34:41.703,2026-04-19 18:15:41.703,False,101.0,2026-04-19
AI206,AIR INDIA,CCU,MAA,2026-04-19 16:30:41.703,2026-04-19 20:01:41.703,False,211.0,2026-04-19
6F140,INDIGO,CCU,HYD,2026-04-19 16:30:41.702,2026-04-19 18:21:41.702,False,111.0,2026-04-19
6F253,INDIGO,MAA,BLR,2026-04-19 16:26:41.703,2026-04-19 18:24:41.703,False,118.0,2026-04-19
SJ203,SPICEJET,DEL,HYD,2026-04-19 16:22:41.703,2026-04-19 18:27:41.703,False,125.0,2026-04-19
SJ161,SPICEJET,MAA,BLR,2026-04-19 16:22:41.703,2026-04-19 17:04:41.703,False,42.0,2026-04-19
AI098,AIR INDIA,HYD,MAA,2026-04-19 16:01:41.702,2026-04-19 18:11:41.702,False,130.0,2026-04-19
AI168,AIR INDIA,DEL,CCU,2026-04-19 15:50:41.703,2026-04-19 20:20:41.703,False,270.0,2026-04-19
UK190,VISTARA,DEL,BLR,2026-04-19 15:49:41.703,2026-04-19 18:53:41.703,False,184.0,2026-04-19
AI085,AIR INDIA,DEL,HYD,2026-04-19 15:45:41.702,2026-04-19 20:33:41.702,False,288.0,2026-04-19
AI076,AIR INDIA,BLR,BOM,2026-04-19 15:37:41.702,2026-04-19 16:12:41.702,False,35.0,2026-04-19
UK130,VISTARA,MAA,BLR,2026-04-19 15:36:41.702,2026-04-19 19:43:41.702,False,247.0,2026-04-19
6F038,INDIGO,HYD,MAA,2026-04-19 15:36:41.701,2026-04-19 19:33:41.701,False,237.0,2026-04-19
UK110,VISTARA,HYD,DEL,2026-04-19 15:26:41.702,2026-04-19 20:13:41.702,False,287.0,2026-04-19
SJ013,SPICEJET,DEL,MAA,2026-04-19 15:25:41.701,2026-04-19 19:54:41.701,False,269.0,2026-04-19
AI039,AIR INDIA,MAA,BLR,2026-04-19 15:24:41.701,2026-04-19 18:56:41.701,False,212.0,2026-04-19
AI248,AIR INDIA,CCU,DEL,2026-04-19 15:17:41.704,2026-04-19 16:35:41.704,False,78.0,2026-04-19
6F199,INDIGO,DEL,MAA,2026-04-19 15:15:41.703,2026-04-19 17:32:41.703,False,137.0,2026-04-19
AI225,AIR INDIA,BOM,BLR,2026-04-19 15:05:41.703,2026-04-19 16:01:41.703,False,56.0,2026-04-19
SJ028,SPICEJET,CCU,BOM,2026-04-19 15:04:41.701,2026-04-19 19:32:41.701,False,268.0,2026-04-19
SJ012,SPICEJET,HYD,BLR,2026-04-19 15:01:41.701,2026-04-19 16:12:41.701,False,71.0,2026-04-19
SJ131,SPICEJET,MAA,HYD,2026-04-19 15:00:41.702,2026-04-19 16:07:41.702,False,67.0,2026-04-19
AI010,AIR INDIA,BOM,HYD,2026-04-19 15:00:41.701,2026-04-19 19:48:41.701,False,288.0,2026-04-19
6F020,INDIGO,BOM,HYD,2026-04-19 14:58:41.701,2026-04-19 16:43:41.701,False,105.0,2026-04-19
SJ038,SPICEJET,BLR,DEL,2026-04-19 14:57:41.701,2026-04-19 17:46:41.701,False,169.0,2026-04-19
UK204,VISTARA,BLR,DEL,2026-04-19 14:46:41.703,2026-04-19 16:24:41.703,False,98.0,2026-04-19
AI036,AIR INDIA,BOM,CCU,2026-04-19 14:45:41.701,2026-04-19 16:16:41.701,False,91.0,2026-04-19
AI100,AIR INDIA,CCU,BOM,2026-04-19 14:42:41.702,2026-04-19 18:22:41.702,False,220.0,2026-04-19
SJ215,SPICEJET,CCU,DEL,2026-04-19 14:37:41.703,2026-04-19 16:12:41.703,False,95.0,2026-04-19
UK155,VISTARA,MAA,HYD,2026-04-19 14:34:41.703,2026-04-19 18:37:41.703,False,243.0,2026-04-19
SJ173,SPICEJET,CCU,HYD,2026-04-19 14:27:41.703,2026-04-19 16:09:41.703,False,102.0,2026-04-19
UK179,VISTARA,DEL,HYD,2026-04-19 14:25:41.703,2026-04-19 19:15:41.703,False,290.0,2026-04-19
UK221,VISTARA,CCU,DEL,2026-04-19 14:18:41.704,2026-04-19 18:44:41.704,False,266.0,2026-04-19
UK023,VISTARA,DEL,MAA,2026-04-19 14:15:41.701,2026-04-19 19:03:41.701,False,288.0,2026-04-19
SJ107,SPICEJET,BOM,MAA,2026-04-19 14:10:41.702,2026-04-19 18:38:41.702,False,268.0,2026-04-19
AI073,AIR INDIA,BOM,BLR,2026-04-19 14:08:41.702,2026-04-19 16:10:41.702,False,122.0,2026-04-19
SJ187,SPICEJET,MAA,BLR,2026-04-19 14:07:41.703,2026-04-19 17:30:41.703,False,203.0,2026-04-19
UK058,VISTARA,MAA,BOM,2026-04-19 13:46:41.701,2026-04-19 17:04:41.701,False,198.0,2026-04-19
SJ063,SPICEJET,MAA,BOM,2026-04-19 13:38:41.701,2026-04-19 15:23:41.701,False,105.0,2026-04-19
SJ062,SPICEJET,BLR,HYD,2026-04-19 13:37:41.701,2026-04-19 17:06:41.701,False,209.0,2026-04-19
UK048,VISTARA,MAA,DEL,2026-04-19 13:36:41.701,2026-04-19 18:21:41.701,False,285.0,2026-04-19
AI181,AIR INDIA,MAA,HYD,2026-04-19 13:29:41.703,2026-04-19 16:55:41.703,False,206.0,2026-04-19
AI003,AIR INDIA,BLR,HYD,2026-04-19 13:27:41.701,2026-04-19 16:55:41.701,False,208.0,2026-04-19
6F041,INDIGO,MAA,BOM,2026-04-19 13:19:41.701,2026-04-19 16:48:41.701,False,209.0,2026-04-19
6F175,INDIGO,MAA,CCU,2026-04-19 13:18:41.703,2026-04-19 15:13:41.703,False,115.0,2026-04-19
6F013,INDIGO,BOM,CCU,2026-04-19 13:15:41.701,2026-04-19 18:05:41.701,False,290.0,2026-04-19
SJ040,SPICEJET,BOM,CCU,2026-04-19 13:12:41.701,2026-04-19 16:44:41.701,False,212.0,2026-04-19
SJ016,SPICEJET,HYD,CCU,2026-04-19 13:01:41.701,2026-04-19 16:26:41.701,False,205.0,2026-04-19
6F135,INDIGO,MAA,HYD,2026-04-19 12:59:41.702,2026-04-19 13:45:41.702,False,46.0,2026-04-19
6F150,INDIGO,HYD,MAA,2026-04-19 12:55:41.703,2026-04-19 16:53:41.703,False,238.0,2026-04-19
AI083,AIR INDIA,DEL,BOM,2026-04-19 12:54:41.702,2026-04-19 13:37:41.702,False,43.0,2026-04-19
SJ166,SPICEJET,CCU,HYD,2026-04-19 12:51:41.703,2026-04-19 16:18:41.703,False,207.0,2026-04-19
SJ027,SPICEJET,BOM,MAA,2026-04-19 12:50:41.701,2026-04-19 17:13:41.701,False,263.0,2026-04-19
6F134,INDIGO,BLR,MAA,2026-04-19 12:47:41.702,2026-04-19 14:06:41.702,False,79.0,2026-04-19
UK225,VISTARA,MAA,BLR,2026-04-19 12:46:41.704,2026-04-19 15:02:41.704,False,136.0,2026-04-19
SJ175,SPICEJET,MAA,BLR,2026-04-19 12:46:41.703,2026-04-19 16:50:41.703,False,244.0,2026-04-19
AI182,AIR INDIA,HYD,DEL,2026-04-19 12:41:41.703,2026-04-19 17:14:41.703,False,273.0,2026-04-19
AI190,AIR INDIA,BOM,CCU,2026-04-19 12:38:41.703,2026-04-19 15:56:41.703,False,198.0,2026-04-19
AI120,AIR INDIA,MAA,CCU,2026-04-19 12:12:41.702,2026-04-19 14:18:41.702,False,126.0,2026-04-19
6F132,INDIGO,MAA,BOM,2026-04-19 12:00:41.702,2026-04-19 13:00:42.000,False,60.0,2026-04-19
UK102,VISTARA,HYD,CCU,2026-04-19 11:58:41.702,2026-04-19 14:01:41.702,False,123.0,2026-04-19
AI045,AIR INDIA,HYD,MAA,2026-04-19 11:58:41.701,2026-04-19 14:37:41.701,False,159.0,2026-04-19
UK136,VISTARA,HYD,CCU,2026-04-19 11:43:41.703,2026-04-19 15:26:41.703,False,223.0,2026-04-19
SJ238,SPICEJET,MAA,BLR,2026-04-19 11:41:41.704,2026-04-19 15:39:41.704,False,238.0,2026-04-19
AI193,AIR INDIA,MAA,HYD,2026-04-19 11:33:41.703,2026-04-19 16:07:41.703,False,274.0,2026-04-19
6F001,INDIGO,HYD,BOM,2026-04-19 11:33:41.700,2026-04-19 13:08:41.700,False,95.0,2026-04-19
6F211,INDIGO,MAA,BLR,2026-04-19 11:29:41.703,2026-04-19 16:20:41.703,False,291.0,2026-04-19
SJ199,SPICEJET,HYD,BOM,2026-04-19 11:29:41.703,2026-04-19 13:59:41.703,False,150.0,2026-04-19
SJ050,SPICEJET,HYD,CCU,2026-04-19 11:24:41.701,2026-04-19 12:03:41.701,False,39.0,2026-04-19
UK115,VISTARA,BLR,BOM,2026-04-19 11:20:41.702,2026-04-19 13:20:42.000,False,120.0,2026-04-19
AI037,AIR INDIA,BOM,BLR,2026-04-19 11:14:41.701,2026-04-19 15:13:41.701,False,239.0,2026-04-19
6F235,INDIGO,HYD,MAA,2026-04-19 11:06:41.704,2026-04-19 13:51:41.704,False,165.0,2026-04-19
UK111,VISTARA,MAA,BLR,2026-04-19 11:06:41.702,2026-04-19 12:20:41.702,False,74.0,2026-04-19
6F005,INDIGO,BOM,MAA,2026-04-19 11:04:41.701,2026-04-19 15:27:41.701,False,263.0,2026-04-19
AI198,AIR INDIA,CCU,MAA,2026-04-19 10:56:41.703,2026-04-19 14:19:41.703,False,203.0,2026-04-19
UK184,VISTARA,MAA,HYD,2026-04-19 10:49:41.703,2026-04-19 13:00:41.703,False,131.0,2026-04-19
6F219,INDIGO,MAA,DEL,2026-04-19 10:32:41.704,2026-04-19 14:37:41.704,False,245.0,2026-04-19
UK066,VISTARA,BOM,CCU,2026-04-19 10:29:41.701,2026-04-19 12:07:41.701,False,98.0,2026-04-19
6F220,INDIGO,HYD,BOM,2026-04-19 10:27:41.704,2026-04-19 11:25:41.704,False,58.0,2026-04-19
AI180,AIR INDIA,BOM,CCU,2026-04-19 10:19:41.703,2026-04-19 11:00:41.703,False,41.0,2026-04-19
6F098,INDIGO,BLR,MAA,2026-04-19 10:18:41.702,2026-04-19 12:49:41.702,False,151.0,2026-04-19
AI141,AIR INDIA,BLR,DEL,2026-04-19 10:16:41.702,2026-04-19 14:53:41.702,False,277.0,2026-04-19
SJ170,SPICEJET,BLR,BOM,2026-04-19 10:11:41.703,2026-04-19 11:56:41.703,False,105.0,2026-04-19
SJ178,SPICEJET,BOM,HYD,2026-04-19 09:58:41.703,2026-04-19 12:27:41.703,False,149.0,2026-04-19
6F172,INDIGO,BOM,BLR,2026-04-19 09:53:41.703,2026-04-19 14:46:41.703,False,293.0,2026-04-19
UK220,VISTARA,BLR,BOM,2026-04-19 09:51:41.704,2026-04-19 13:25:41.704,False,214.0,2026-04-19
SJ148,SPICEJET,DEL,BLR,2026-04-19 09:51:41.702,2026-04-19 13:41:41.702,False,230.0,2026-04-19
UK065,VISTARA,BOM,CCU,2026-04-19 09:38:41.701,2026-04-19 13:46:41.701,False,248.0,2026-04-19
6F243,INDIGO,BOM,HYD,2026-04-19 09:37:41.704,2026-04-19 10:33:41.704,False,56.0,2026-04-19
SJ193,SPICEJET,CCU,DEL,2026-04-19 09:37:41.703,2026-04-19 12:16:41.703,False,159.0,2026-04-19
UK056,VISTARA,HYD,MAA,2026-04-19 09:29:41.701,2026-04-19 10:15:41.701,False,46.0,2026-04-19
AI219,AIR INDIA,BLR,DEL,2026-04-19 09:28:41.703,2026-04-19 11:27:41.703,False,119.0,2026-04-19
SJ073,SPICEJET,CCU,BLR,2026-04-19 09:26:41.701,2026-04-19 11:14:41.701,False,108.0,2026-04-19
6F052,INDIGO,BOM,CCU,2026-04-19 09:13:41.701,2026-04-19 12:02:41.701,False,169.0,2026-04-19
SJ201,SPICEJET,BLR,DEL,2026-04-19 09:10:41.703,2026-04-19 11:12:41.703,False,122.0,2026-04-19
UK028,VISTARA,HYD,MAA,2026-04-19 09:02:41.701,2026-04-19 10:37:41.701,False,95.0,2026-04-19
SJ119,SPICEJET,BOM,CCU,2026-04-19 08:53:41.702,2026-04-19 11:29:41.702,False,156.0,2026-04-19
AI165,AIR INDIA,DEL,CCU,2026-04-19 08:51:41.703,2026-04-19 10:31:41.703,False,100.0,2026-04-19
AI255,AIR INDIA,MAA,CCU,2026-04-19 08:45:41.704,2026-04-19 13:12:41.704,False,267.0,2026-04-19
AI202,AIR INDIA,HYD,BLR,2026-04-19 08:44:41.703,2026-04-19 10:53:41.703,False,129.0,2026-04-19
SJ039,SPICEJET,MAA,BOM,2026-04-19 08:41:41.701,2026-04-19 12:08:41.701,False,207.0,2026-04-19
SJ051,SPICEJET,BOM,BLR,2026-04-19 08:40:41.701,2026-04-19 12:18:41.701,False,218.0,2026-04-19
UK024,VISTARA,MAA,BLR,2026-04-19 08:29:41.701,2026-04-19 13:29:41.701,False,300.0,2026-04-19
SJ006,SPICEJET,HYD,BLR,2026-04-19 08:25:41.701,2026-04-19 08:57:41.701,False,32.0,2026-04-19
AI207,AIR INDIA,BOM,MAA,2026-04-19 08:24:41.703,2026-04-19 11:23:41.703,False,179.0,2026-04-19
SJ168,SPICEJET,CCU,BOM,2026-04-19 08:17:41.703,2026-04-19 12:29:41.703,False,252.0,2026-04-19
AI028,AIR INDIA,HYD,BOM,2026-04-19 07:53:41.701,2026-04-19 08:35:41.701,False,42.0,2026-04-19
6F094,INDIGO,BLR,BOM,2026-04-19 07:37:41.702,2026-04-19 09:06:41.702,False,89.0,2026-04-19
6F024,INDIGO,BOM,DEL,2026-04-19 07:31:41.701,2026-04-19 11:17:41.701,False,226.0,2026-04-19
6F061,INDIGO,MAA,BOM,2026-04-19 07:28:41.701,2026-04-19 08:09:41.701,False,41.0,2026-04-19
AI032,AIR INDIA,MAA,BLR,2026-04-19 07:26:41.701,2026-04-19 09:26:42.000,False,120.0,2026-04-19
UK163,VISTARA,DEL,HYD,2026-04-19 07:22:41.703,2026-04-19 09:04:41.703,False,102.0,2026-04-19
SJ067,SPICEJET,MAA,BLR,2026-04-19 07:17:41.701,2026-04-19 08:16:41.701,False,59.0,2026-04-19
SJ106,SPICEJET,CCU,DEL,2026-04-19 07:16:41.702,2026-04-19 09:40:41.702,False,144.0,2026-04-19
AI086,AIR INDIA,CCU,HYD,2026-04-19 07:13:41.702,2026-04-19 10:09:41.702,False,176.0,2026-04-19
6F263,INDIGO,DEL,HYD,2026-04-19 07:07:41.703,2026-04-19 08:30:41.703,False,83.0,2026-04-19
6F163,INDIGO,MAA,BOM,2026-04-19 06:49:41.703,2026-04-19 10:46:41.703,False,237.0,2026-04-19
SJ064,SPICEJET,CCU,DEL,2026-04-19 06:29:41.701,2026-04-19 08:43:41.701,False,134.0,2026-04-19
UK118,VISTARA,HYD,BLR,2026-04-19 06:22:41.702,2026-04-19 07:22:42.000,False,60.0,2026-04-19
UK022,VISTARA,DEL,HYD,2026-04-19 06:22:41.701,2026-04-19 10:59:41.701,False,277.0,2026-04-19
UK099,VISTARA,BOM,MAA,2026-04-19 06:16:41.702,2026-04-19 10:24:41.702,False,248.0,2026-04-19
6F212,INDIGO,BLR,CCU,2026-04-19 06:10:41.703,2026-04-19 10:52:41.703,False,282.0,2026-04-19
AI023,AIR INDIA,HYD,BLR,2026-04-19 06:10:41.701,2026-04-19 09:35:41.701,False,205.0,2026-04-19
SJ245,SPICEJET,BOM,DEL,2026-04-19 06:07:41.704,2026-04-19 09:39:41.704,False,212.0,2026-04-19
6F066,INDIGO,BLR,HYD,2026-04-19 06:07:41.701,2026-04-19 07:43:41.701,False,96.0,2026-04-19
AI138,AIR INDIA,DEL,CCU,2026-04-19 05:50:41.702,2026-04-19 06:40:41.702,False,50.0,2026-04-19
SJ021,SPICEJET,HYD,BLR,2026-04-19 05:48:41.701,2026-04-19 09:46:41.701,False,238.0,2026-04-19
SJ136,SPICEJET,HYD,BLR,2026-04-19 05:45:41.702,2026-04-19 08:04:41.702,False,139.0,2026-04-19
AI148,AIR INDIA,HYD,MAA,2026-04-19 05:41:41.703,2026-04-19 08:32:41.703,False,171.0,2026-04-19
SJ014,SPICEJET,BOM,HYD,2026-04-19 05:40:41.701,2026-04-19 06:39:41.701,False,59.0,2026-04-19
6F104,INDIGO,CCU,BOM,2026-04-19 05:39:41.702,2026-04-19 06:14:41.702,False,35.0,2026-04-19
SJ121,SPICEJET,CCU,DEL,2026-04-19 05:32:41.702,2026-04-19 06:47:41.702,False,75.0,2026-04-19
UK174,VISTARA,CCU,DEL,2026-04-19 05:27:41.703,2026-04-19 07:47:41.703,False,140.0,2026-04-19
AI033,AIR INDIA,MAA,CCU,2026-04-19 05:25:41.701,2026-04-19 10:21:41.701,False,296.0,2026-04-19
SJ122,SPICEJET,CCU,BOM,2026-04-19 05:22:41.702,2026-04-19 10:09:41.702,False,287.0,2026-04-19
UK095,VISTARA,BOM,MAA,2026-04-19 05:22:41.702,2026-04-19 07:36:41.702,False,134.0,2026-04-19
SJ026,SPICEJET,CCU,MAA,2026-04-19 05:22:41.701,2026-04-19 09:40:41.701,False,258.0,2026-04-19
6F221,INDIGO,MAA,DEL,2026-04-19 05:20:41.704,2026-04-19 08:52:41.704,False,212.0,2026-04-19
SJ103,SPICEJET,MAA,BLR,2026-04-19 05:16:41.702,2026-04-19 08:56:41.702,False,220.0,2026-04-19
SJ011,SPICEJET,BOM,MAA,2026-04-19 05:14:41.701,2026-04-19 09:59:41.701,False,285.0,2026-04-19
AI002,AIR INDIA,HYD,BLR,2026-04-19 05:12:41.700,2026-04-19 07:12:41.700,False,120.0,2026-04-19
AI046,AIR INDIA,DEL,BOM,2026-04-19 05:09:41.701,2026-04-19 08:00:41.701,False,171.0,2026-04-19
SJ053,SPICEJET,CCU,DEL,2026-04-19 05:00:41.701,2026-04-19 06:38:41.701,False,98.0,2026-04-19
AI236,AIR INDIA,DEL,BOM,2026-04-19 04:52:41.704,2026-04-19 09:11:41.704,False,259.0,2026-04-19
AI254,AIR INDIA,CCU,HYD,2026-04-19 04:46:41.704,2026-04-19 08:06:41.704,False,200.0,2026-04-19
6F063,INDIGO,DEL,HYD,2026-04-19 04:42:41.701,2026-04-19 07:31:41.701,False,169.0,2026-04-19
6F115,INDIGO,MAA,BLR,2026-04-19 04:41:41.702,2026-04-19 06:23:41.702,False,102.0,2026-04-19
UK070,VISTARA,BOM,DEL,2026-04-19 04:36:41.701,2026-04-19 06:49:41.701,False,133.0,2026-04-19
SJ147,SPICEJET,BLR,CCU,2026-04-19 04:30:41.702,2026-04-19 08:52:41.702,False,262.0,2026-04-19
UK201,VISTARA,HYD,BOM,2026-04-19 04:29:41.703,2026-04-19 06:42:41.703,False,133.0,2026-04-19
SJ234,SPICEJET,BLR,CCU,2026-04-19 04:20:41.704,2026-04-19 06:23:41.704,False,123.0,2026-04-19
AI176,AIR INDIA,BLR,DEL,2026-04-19 04:20:41.703,2026-04-19 06:25:41.703,False,125.0,2026-04-19
SJ045,SPICEJET,DEL,MAA,2026-04-19 04:16:41.701,2026-04-19 09:03:41.701,False,287.0,2026-04-19
SJ174,SPICEJET,CCU,DEL,2026-04-19 04:09:41.703,2026-04-19 05:04:41.703,False,55.0,2026-04-19
AI007,AIR INDIA,MAA,DEL,2026-04-19 04:01:41.701,2026-04-19 06:01:42.000,False,120.0,2026-04-19
AI143,AIR INDIA,CCU,DEL,2026-04-19 03:58:41.702,2026-04-19 04:36:41.702,False,38.0,2026-04-19
SJ241,SPICEJET,DEL,HYD,2026-04-19 03:57:41.704,2026-04-19 06:36:41.704,False,159.0,2026-04-19
AI020,AIR INDIA,BOM,BLR,2026-04-19 03:53:41.701,2026-04-19 06:21:41.701,False,148.0,2026-04-19
UK031,VISTARA,CCU,DEL,2026-04-19 03:45:41.701,2026-04-19 07:20:41.701,False,215.0,2026-04-19
AI013,AIR INDIA,HYD,BLR,2026-04-19 03:41:41.701,2026-04-19 04:58:41.701,False,77.0,2026-04-19
AI249,AIR INDIA,BLR,HYD,2026-04-19 03:38:41.704,2026-04-19 06:27:41.704,False,169.0,2026-04-19
UK046,VISTARA,CCU,DEL,2026-04-19 03:37:41.701,2026-04-19 06:05:41.701,False,148.0,2026-04-19
UK168,VISTARA,BLR,CCU,2026-04-19 03:20:41.703,2026-04-19 04:09:41.703,False,49.0,2026-04-19
AI022,AIR INDIA,BOM,MAA,2026-04-19 03:15:41.701,2026-04-19 05:10:41.701,False,115.0,2026-04-19
UK218,VISTARA,MAA,BLR,2026-04-19 03:12:41.704,2026-04-19 07:22:41.704,False,250.0,2026-04-19
UK142,VISTARA,BLR,DEL,2026-04-19 03:03:41.703,2026-04-19 07:13:41.703,False,250.0,2026-04-19
6F067,INDIGO,MAA,BLR,2026-04-19 02:59:41.701,2026-04-19 06:02:41.701,False,183.0,2026-04-19
SJ217,SPICEJET,BOM,CCU,2026-04-19 02:57:41.703,2026-04-19 06:04:41.703,False,187.0,2026-04-19
SJ143,SPICEJET,DEL,BOM,2026-04-19 02:55:41.702,2026-04-19 03:52:41.702,False,57.0,2026-04-19
AI243,AIR INDIA,BLR,BOM,2026-04-19 02:50:41.704,2026-04-19 05:09:41.704,False,139.0,2026-04-19
SJ246,SPICEJET,BOM,DEL,2026-04-19 02:47:41.704,2026-04-19 03:47:42.000,False,60.0,2026-04-19
6F170,INDIGO,HYD,DEL,2026-04-19 02:44:41.703,2026-04-19 04:14:41.703,False,90.0,2026-04-19
UK157,VISTARA,CCU,BOM,2026-04-19 02:41:41.703,2026-04-19 03:41:42.000,False,60.0,2026-04-19
UK172,VISTARA,DEL,BOM,2026-04-19 02:20:41.703,2026-04-19 05:21:41.703,False,181.0,2026-04-19
SJ139,SPICEJET,DEL,BLR,2026-04-19 02:20:41.702,2026-04-19 06:02:41.702,False,222.0,2026-04-19
UK085,VISTARA,MAA,DEL,2026-04-19 02:15:41.702,2026-04-19 03:17:41.702,False,62.0,2026-04-19
6F079,INDIGO,MAA,HYD,2026-04-19 02:14:41.702,2026-04-19 06:18:41.702,False,244.0,2026-04-19
SJ032,SPICEJET,MAA,BOM,2026-04-19 02:11:41.701,2026-04-19 04:33:41.701,False,142.0,2026-04-19
6F182,INDIGO,BOM,CCU,2026-04-19 02:10:41.703,2026-04-19 04:18:41.703,False,128.0,2026-04-19
AI106,AIR INDIA,HYD,BLR,2026-04-19 02:07:41.702,2026-04-19 03:20:41.702,False,73.0,2026-04-19
AI200,AIR INDIA,HYD,MAA,2026-04-19 02:05:41.703,2026-04-19 05:29:41.703,False,204.0,2026-04-19
6F142,INDIGO,CCU,MAA,2026-04-19 02:05:41.702,2026-04-19 06:04:41.702,False,239.0,2026-04-19
SJ079,SPICEJET,HYD,DEL,2026-04-19 01:58:41.702,2026-04-19 05:02:41.702,False,184.0,2026-04-19
SJ082,SPICEJET,BOM,DEL,2026-04-19 01:54:41.702,2026-04-19 02:33:41.702,False,39.0,2026-04-19
SJ110,SPICEJET,CCU,DEL,2026-04-19 01:47:41.702,2026-04-19 02:20:41.702,False,33.0,2026-04-19
6F262,INDIGO,MAA,DEL,2026-04-19 01:44:41.702,2026-04-19 02:47:41.702,False,63.0,2026-04-19
UK143,VISTARA,BLR,BOM,2026-04-19 01:34:41.703,2026-04-19 02:48:41.703,False,74.0,2026-04-19
6F269,INDIGO,HYD,MAA,2026-04-19 01:30:41.702,2026-04-19 02:52:41.702,False,82.0,2026-04-19
6F214,INDIGO,BOM,CCU,2026-04-19 01:21:41.703,2026-04-19 05:20:41.703,False,239.0,2026-04-19
SJ213,SPICEJET,BOM,CCU,2026-04-19 01:19:41.703,2026-04-19 04:48:41.703,False,209.0,2026-04-19
SJ072,SPICEJET,DEL,HYD,2026-04-19 01:18:41.701,2026-04-19 04:08:41.701,False,170.0,2026-04-19
6F059,INDIGO,BOM,DEL,2026-04-19 01:12:41.701,2026-04-19 06:02:41.701,False,290.0,2026-04-19
UK202,VISTARA,DEL,HYD,2026-04-19 01:11:41.703,2026-04-19 05:37:41.703,False,266.0,2026-04-19
UK037,VISTARA,BLR,BOM,2026-04-19 01:10:41.701,2026-04-19 05:12:41.701,False,242.0,2026-04-19
UK069,VISTARA,CCU,DEL,2026-04-19 01:10:41.701,2026-04-19 03:23:41.701,False,133.0,2026-04-19
SJ118,SPICEJET,DEL,BOM,2026-04-19 01:08:41.702,2026-04-19 02:33:41.702,False,85.0,2026-04-19
6F145,INDIGO,CCU,DEL,2026-04-19 01:02:41.703,2026-04-19 02:18:41.703,False,76.0,2026-04-19
UK097,VISTARA,HYD,BOM,2026-04-19 00:49:41.702,2026-04-19 05:00:41.702,False,251.0,2026-04-19
6F117,INDIGO,CCU,DEL,2026-04-19 00:46:41.702,2026-04-19 01:51:41.702,False,65.0,2026-04-19
6F226,INDIGO,DEL,BOM,2026-04-19 00:38:41.704,2026-04-19 02:55:41.704,False,137.0,2026-04-19
6F050,INDIGO,DEL,BOM,2026-04-19 00:35:41.701,2026-04-19 04:32:41.701,False,237.0,2026-04-19
UK196,VISTARA,BOM,HYD,2026-04-19 00:32:41.703,2026-04-19 04:49:41.703,False,257.0,2026-04-19
SJ086,SPICEJET,CCU,DEL,2026-04-19 00:32:41.702,2026-04-19 04:17:41.702,False,225.0,2026-04-19
AI134,AIR INDIA,HYD,BOM,2026-04-19 00:28:41.702,2026-04-19 04:23:41.702,False,235.0,2026-04-19
AI043,AIR INDIA,CCU,DEL,2026-04-19 00:28:41.701,2026-04-19 04:37:41.701,False,249.0,2026-04-19
UK119,VISTARA,BOM,CCU,2026-04-19 00:21:41.702,2026-04-19 04:38:41.702,False,257.0,2026-04-19
SJ181,SPICEJET,BOM,BLR,2026-04-19 00:20:41.703,2026-04-19 01:49:41.703,False,89.0,2026-04-19
AI070,AIR INDIA,CCU,DEL,2026-04-19 00:05:41.702,2026-04-19 01:44:41.702,False,99.0,2026-04-19
6F233,INDIGO,BLR,BOM,2026-04-18 23:56:41.704,2026-04-19 03:53:41.704,True,237.0,2026-04-18
UK013,VISTARA,BOM,MAA,2026-04-18 23:52:41.701,2026-04-19 02:52:41.701,True,180.0,2026-04-18
6F015,INDIGO,BOM,CCU,2026-04-18 23:39:41.701,2026-04-19 02:27:41.701,True,168.0,2026-04-18
SJ247,SPICEJET,DEL,BOM,2026-04-18 23:38:41.704,2026-04-19 03:43:41.704,True,245.0,2026-04-18
AI067,AIR INDIA,HYD,DEL,2026-04-18 23:36:41.701,2026-04-19 03:09:41.701,True,213.0,2026-04-18
AI211,AIR INDIA,DEL,CCU,2026-04-18 23:34:41.703,2026-04-19 01:21:41.703,True,107.0,2026-04-18
UK029,VISTARA,DEL,BOM,2026-04-18 23:26:41.701,2026-04-19 02:15:41.701,True,169.0,2026-04-18
SJ200,SPICEJET,BOM,DEL,2026-04-18 23:24:41.703,2026-04-19 02:11:41.703,True,167.0,2026-04-18
6F087,INDIGO,DEL,HYD,2026-04-18 23:24:41.702,2026-04-19 03:10:41.702,True,226.0,2026-04-18
SJ210,SPICEJET,HYD,CCU,2026-04-18 23:21:41.703,2026-04-19 02:54:41.703,True,213.0,2026-04-18
AI101,AIR INDIA,DEL,BLR,2026-04-18 23:20:41.702,2026-04-19 02:23:41.702,True,183.0,2026-04-18
UK075,VISTARA,MAA,CCU,2026-04-18 23:15:41.702,2026-04-19 03:54:41.702,True,279.0,2026-04-18
SJ091,SPICEJET,BLR,CCU,2026-04-18 23:10:41.702,2026-04-19 00:47:41.702,True,97.0,2026-04-18
AI251,AIR INDIA,MAA,DEL,2026-04-18 22:40:41.704,2026-04-18 23:24:41.704,False,44.0,2026-04-18
SJ042,SPICEJET,HYD,CCU,2026-04-18 22:38:41.701,2026-04-19 02:20:41.701,True,222.0,2026-04-18
UK126,VISTARA,CCU,DEL,2026-04-18 22:37:41.702,2026-04-19 00:03:41.702,True,86.0,2026-04-18
6F042,INDIGO,HYD,DEL,2026-04-18 22:35:41.701,2026-04-19 02:41:41.701,True,246.0,2026-04-18
AI116,AIR INDIA,CCU,BOM,2026-04-18 22:30:41.702,2026-04-19 01:57:41.702,True,207.0,2026-04-18
SJ209,SPICEJET,BLR,BOM,2026-04-18 22:22:41.703,2026-04-19 02:03:41.703,True,221.0,2026-04-18
AI123,AIR INDIA,MAA,BOM,2026-04-18 22:19:41.702,2026-04-19 00:45:41.702,True,146.0,2026-04-18
6F016,INDIGO,HYD,BOM,2026-04-18 22:18:41.701,2026-04-18 22:54:41.701,False,36.0,2026-04-18
UK012,VISTARA,MAA,BOM,2026-04-18 22:16:41.701,2026-04-19 00:25:41.701,True,129.0,2026-04-18
SJ188,SPICEJET,BLR,BOM,2026-04-18 22:15:41.703,2026-04-18 22:55:41.703,False,40.0,2026-04-18
UK096,VISTARA,BLR,HYD,2026-04-18 22:11:41.702,2026-04-19 00:06:41.702,True,115.0,2026-04-18
SJ046,SPICEJET,BOM,MAA,2026-04-18 22:01:41.701,2026-04-19 01:25:41.701,True,204.0,2026-04-18
UK081,VISTARA,BLR,DEL,2026-04-18 22:00:41.702,2026-04-18 23:00:41.702,False,60.0,2026-04-18
UK191,VISTARA,MAA,BLR,2026-04-18 21:51:41.703,2026-04-18 22:57:41.703,False,66.0,2026-04-18
6F064,INDIGO,CCU,DEL,2026-04-18 21:45:41.701,2026-04-18 22:50:41.701,False,65.0,2026-04-18
AI005,AIR INDIA,DEL,CCU,2026-04-18 21:24:41.701,2026-04-18 22:11:41.701,False,47.0,2026-04-18
6F021,INDIGO,BLR,MAA,2026-04-18 21:23:41.701,2026-04-19 01:25:41.701,True,242.0,2026-04-18
AI169,AIR INDIA,CCU,DEL,2026-04-18 21:21:41.703,2026-04-19 01:34:41.703,True,253.0,2026-04-18
UK035,VISTARA,HYD,BOM,2026-04-18 21:08:41.701,2026-04-18 22:24:41.701,False,76.0,2026-04-18
AI040,AIR INDIA,HYD,BLR,2026-04-18 21:01:41.701,2026-04-18 22:42:41.701,False,101.0,2026-04-18
UK042,VISTARA,MAA,BOM,2026-04-18 20:59:41.701,2026-04-19 01:38:41.701,True,279.0,2026-04-18
SJ171,SPICEJET,DEL,HYD,2026-04-18 20:52:41.703,2026-04-18 23:52:41.703,False,180.0,2026-04-18
AI250,AIR INDIA,BOM,CCU,2026-04-18 20:48:41.704,2026-04-19 00:12:41.704,True,204.0,2026-04-18
SJ195,SPICEJET,BOM,CCU,2026-04-18 20:41:41.703,2026-04-18 23:54:41.703,False,193.0,2026-04-18
UK211,VISTARA,MAA,CCU,2026-04-18 20:39:41.704,2026-04-18 22:02:41.704,False,83.0,2026-04-18
UK122,VISTARA,HYD,CCU,2026-04-18 20:29:42.000,2026-04-18 23:29:42.000,False,180.0,2026-04-18
AI136,AIR INDIA,BLR,DEL,2026-04-18 20:29:41.702,2026-04-18 23:48:41.702,False,199.0,2026-04-18
6F141,INDIGO,BOM,CCU,2026-04-18 20:26:41.702,2026-04-18 22:28:41.702,False,122.0,2026-04-18
6F053,INDIGO,DEL,HYD,2026-04-18 20:26:41.701,2026-04-19 00:39:41.701,True,253.0,2026-04-18
6F136,INDIGO,CCU,DEL,2026-04-18 20:24:41.702,2026-04-18 21:01:41.702,False,37.0,2026-04-18
6F009,INDIGO,BLR,CCU,2026-04-18 20:21:41.701,2026-04-18 23:36:41.701,False,195.0,2026-04-18
6F023,INDIGO,MAA,BLR,2026-04-18 20:18:41.701,2026-04-19 00:14:41.701,True,236.0,2026-04-18
UK006,VISTARA,MAA,CCU,2026-04-18 20:16:41.701,2026-04-18 21:55:41.701,False,99.0,2026-04-18
SJ165,SPICEJET,CCU,BOM,2026-04-18 20:08:41.703,2026-04-18 23:18:41.703,False,190.0,2026-04-18
6F189,INDIGO,MAA,BLR,2026-04-18 20:08:41.703,2026-04-18 21:51:41.703,False,103.0,2026-04-18
AI131,AIR INDIA,MAA,BOM,2026-04-18 19:55:41.702,2026-04-18 22:35:41.702,False,160.0,2026-04-18
6F004,INDIGO,BOM,CCU,2026-04-18 19:53:41.701,2026-04-18 23:33:41.701,False,220.0,2026-04-18
AI027,AIR INDIA,BOM,MAA,2026-04-18 19:41:41.701,2026-04-18 23:23:41.701,False,222.0,2026-04-18
AI238,AIR INDIA,CCU,MAA,2026-04-18 19:25:41.704,2026-04-19 00:07:41.704,True,282.0,2026-04-18
SJ105,SPICEJET,BOM,HYD,2026-04-18 19:22:41.702,2026-04-18 22:48:41.702,False,206.0,2026-04-18
UK088,VISTARA,MAA,BLR,2026-04-18 19:16:41.702,2026-04-18 23:36:41.702,False,260.0,2026-04-18
6F035,INDIGO,CCU,HYD,2026-04-18 19:16:41.701,2026-04-18 23:40:41.701,False,264.0,2026-04-18
AI133,AIR INDIA,DEL,CCU,2026-04-18 19:12:41.702,2026-04-18 21:32:41.702,False,140.0,2026-04-18
AI001,AIR INDIA,DEL,HYD,2026-04-18 19:00:41.700,2026-04-18 22:03:41.700,False,183.0,2026-04-18
SJ133,SPICEJET,BOM,CCU,2026-04-18 18:50:41.702,2026-04-18 21:29:41.702,False,159.0,2026-04-18
SJ216,SPICEJET,BOM,CCU,2026-04-18 18:35:41.703,2026-04-18 21:31:41.703,False,176.0,2026-04-18
SJ225,SPICEJET,DEL,HYD,2026-04-18 18:16:41.704,2026-04-18 20:53:41.704,False,157.0,2026-04-18
AI147,AIR INDIA,HYD,CCU,2026-04-18 18:14:41.703,2026-04-18 20:10:41.703,False,116.0,2026-04-18
SJ054,SPICEJET,MAA,BLR,2026-04-18 18:13:41.701,2026-04-18 22:46:41.701,False,273.0,2026-04-18
6F197,INDIGO,BOM,BLR,2026-04-18 17:59:41.703,2026-04-18 22:44:41.703,False,285.0,2026-04-18
SJ066,SPICEJET,HYD,CCU,2026-04-18 17:47:41.701,2026-04-18 19:03:41.701,False,76.0,2026-04-18
SJ183,SPICEJET,CCU,DEL,2026-04-18 17:44:41.703,2026-04-18 19:40:41.703,False,116.0,2026-04-18
SJ151,SPICEJET,BOM,CCU,2026-04-18 17:44:41.702,2026-04-18 19:16:41.702,False,92.0,2026-04-18
SJ071,SPICEJET,CCU,MAA,2026-04-18 17:43:41.701,2026-04-18 19:32:41.701,False,109.0,2026-04-18
SJ102,SPICEJET,MAA,CCU,2026-04-18 17:26:41.702,2026-04-18 18:58:41.702,False,92.0,2026-04-18
AI209,AIR INDIA,BLR,CCU,2026-04-18 17:25:41.703,2026-04-18 18:37:41.703,False,72.0,2026-04-18
6F111,INDIGO,HYD,DEL,2026-04-18 17:09:41.702,2026-04-18 20:02:41.702,False,173.0,2026-04-18
AI050,AIR INDIA,BLR,BOM,2026-04-18 17:07:41.701,2026-04-18 19:42:41.701,False,155.0,2026-04-18
SJ189,SPICEJET,HYD,BLR,2026-04-18 17:05:41.703,2026-04-18 22:01:41.703,False,296.0,2026-04-18
UK112,VISTARA,CCU,DEL,2026-04-18 17:05:41.702,2026-04-18 19:47:41.702,False,162.0,2026-04-18
6F171,INDIGO,DEL,BLR,2026-04-18 17:03:41.703,2026-04-18 18:12:41.703,False,69.0,2026-04-18
AI011,AIR INDIA,CCU,BOM,2026-04-18 16:58:41.701,2026-04-18 21:01:41.701,False,243.0,2026-04-18
6F027,INDIGO,BLR,DEL,2026-04-18 16:52:41.701,2026-04-18 18:21:41.701,False,89.0,2026-04-18
UK082,VISTARA,DEL,BOM,2026-04-18 16:50:41.702,2026-04-18 21:21:41.702,False,271.0,2026-04-18
UK138,VISTARA,DEL,BLR,2026-04-18 16:47:41.703,2026-04-18 19:36:41.703,False,169.0,2026-04-18
UK198,VISTARA,DEL,BLR,2026-04-18 16:43:41.703,2026-04-18 18:18:41.703,False,95.0,2026-04-18
6F039,INDIGO,MAA,CCU,2026-04-18 16:43:41.701,2026-04-18 21:01:41.701,False,258.0,2026-04-18
6F157,INDIGO,MAA,CCU,2026-04-18 16:37:41.703,2026-04-18 18:04:41.703,False,87.0,2026-04-18
SJ024,SPICEJET,DEL,MAA,2026-04-18 16:29:41.701,2026-04-18 20:21:41.701,False,232.0,2026-04-18
6F167,INDIGO,BLR,BOM,2026-04-18 16:26:41.703,2026-04-18 17:50:41.703,False,84.0,2026-04-18
AI197,AIR INDIA,BOM,CCU,2026-04-18 16:25:41.703,2026-04-18 20:00:41.703,False,215.0,2026-04-18
SJ211,SPICEJET,MAA,BOM,2026-04-18 16:22:41.703,2026-04-18 18:34:41.703,False,132.0,2026-04-18
6F055,INDIGO,DEL,CCU,2026-04-18 16:21:41.701,2026-04-18 18:49:41.701,False,148.0,2026-04-18
AI253,AIR INDIA,BLR,BOM,2026-04-18 16:13:41.704,2026-04-18 19:51:41.704,False,218.0,2026-04-18
UK060,VISTARA,BLR,CCU,2026-04-18 16:09:41.701,2026-04-18 19:42:41.701,False,213.0,2026-04-18
6F257,INDIGO,MAA,CCU,2026-04-18 16:04:41.704,2026-04-18 19:55:41.704,False,231.0,2026-04-18
SJ135,SPICEJET,MAA,CCU,2026-04-18 16:03:41.702,2026-04-18 19:48:41.702,False,225.0,2026-04-18
AI247,AIR INDIA,BOM,CCU,2026-04-18 15:58:41.704,2026-04-18 19:02:41.704,False,184.0,2026-04-18
UK127,VISTARA,BOM,HYD,2026-04-18 15:56:41.702,2026-04-18 20:00:41.702,False,244.0,2026-04-18
AI109,AIR INDIA,BLR,BOM,2026-04-18 15:53:41.702,2026-04-18 20:14:41.702,False,261.0,2026-04-18
AI057,AIR INDIA,BOM,CCU,2026-04-18 15:53:41.701,2026-04-18 19:22:41.701,False,209.0,2026-04-18
6F103,INDIGO,CCU,MAA,2026-04-18 15:37:41.702,2026-04-18 18:32:41.702,False,175.0,2026-04-18
SJ144,SPICEJET,BLR,BOM,2026-04-18 15:35:41.702,2026-04-18 19:12:41.702,False,217.0,2026-04-18
6F076,INDIGO,CCU,HYD,2026-04-18 15:35:41.702,2026-04-18 16:20:41.702,False,45.0,2026-04-18
6F240,INDIGO,DEL,HYD,2026-04-18 15:31:41.704,2026-04-18 19:56:41.704,False,265.0,2026-04-18
UK057,VISTARA,CCU,DEL,2026-04-18 15:25:41.701,2026-04-18 20:04:41.701,False,279.0,2026-04-18
AI201,AIR INDIA,BLR,CCU,2026-04-18 15:19:41.703,2026-04-18 16:40:41.703,False,81.0,2026-04-18
SJ242,SPICEJET,BLR,HYD,2026-04-18 14:55:41.704,2026-04-18 17:42:41.704,False,167.0,2026-04-18
6F037,INDIGO,BOM,MAA,2026-04-18 14:51:41.701,2026-04-18 17:23:41.701,False,152.0,2026-04-18
SJ132,SPICEJET,MAA,DEL,2026-04-18 14:44:41.702,2026-04-18 15:36:41.702,False,52.0,2026-04-18
AI055,AIR INDIA,CCU,BOM,2026-04-18 14:39:41.701,2026-04-18 16:18:41.701,False,99.0,2026-04-18
6F252,INDIGO,MAA,BLR,2026-04-18 14:25:41.701,2026-04-18 18:52:41.701,False,267.0,2026-04-18
AI183,AIR INDIA,DEL,CCU,2026-04-18 14:24:41.703,2026-04-18 16:06:41.703,False,102.0,2026-04-18
SJ125,SPICEJET,DEL,BLR,2026-04-18 14:21:41.702,2026-04-18 16:55:41.702,False,154.0,2026-04-18
SJ087,SPICEJET,BOM,DEL,2026-04-18 14:20:41.702,2026-04-18 19:09:41.702,False,289.0,2026-04-18
UK182,VISTARA,HYD,CCU,2026-04-18 14:19:41.703,2026-04-18 18:25:41.703,False,246.0,2026-04-18
AI016,AIR INDIA,BOM,CCU,2026-04-18 14:15:41.701,2026-04-18 18:38:41.701,False,263.0,2026-04-18
6F107,INDIGO,CCU,BLR,2026-04-18 14:14:41.702,2026-04-18 17:14:42.000,False,180.0,2026-04-18
AI026,AIR INDIA,DEL,BOM,2026-04-18 14:14:41.701,2026-04-18 15:13:41.701,False,59.0,2026-04-18
AI177,AIR INDIA,CCU,HYD,2026-04-18 14:11:41.703,2026-04-18 16:26:41.703,False,135.0,2026-04-18
AI041,AIR INDIA,BOM,BLR,2026-04-18 14:08:41.701,2026-04-18 15:59:41.701,False,111.0,2026-04-18
6F264,INDIGO,DEL,HYD,2026-04-18 14:03:41.701,2026-04-18 18:23:41.701,False,260.0,2026-04-18
6F222,INDIGO,HYD,MAA,2026-04-18 14:01:41.704,2026-04-18 16:11:41.704,False,130.0,2026-04-18
AI004,AIR INDIA,HYD,MAA,2026-04-18 13:58:41.701,2026-04-18 18:12:41.701,False,254.0,2026-04-18
SJ126,SPICEJET,DEL,BLR,2026-04-18 13:47:41.702,2026-04-18 16:31:41.702,False,164.0,2026-04-18
SJ220,SPICEJET,BOM,CCU,2026-04-18 13:45:41.703,2026-04-18 15:21:41.703,False,96.0,2026-04-18
AI204,AIR INDIA,CCU,MAA,2026-04-18 13:40:41.703,2026-04-18 18:38:41.703,False,298.0,2026-04-18
UK098,VISTARA,CCU,DEL,2026-04-18 13:38:41.702,2026-04-18 17:54:41.702,False,256.0,2026-04-18
AI090,AIR INDIA,MAA,CCU,2026-04-18 13:37:41.702,2026-04-18 16:11:41.702,False,154.0,2026-04-18
AI092,AIR INDIA,CCU,BOM,2026-04-18 13:36:41.702,2026-04-18 16:20:41.702,False,164.0,2026-04-18
AI049,AIR INDIA,CCU,MAA,2026-04-18 13:35:41.701,2026-04-18 15:48:41.701,False,133.0,2026-04-18
UK117,VISTARA,BLR,BOM,2026-04-18 13:17:41.702,2026-04-18 16:54:41.702,False,217.0,2026-04-18
6F227,INDIGO,MAA,BOM,2026-04-18 13:16:41.704,2026-04-18 17:41:41.704,False,265.0,2026-04-18
AI228,AIR INDIA,BLR,BOM,2026-04-18 13:16:41.703,2026-04-18 17:44:41.703,False,268.0,2026-04-18
SJ164,SPICEJET,CCU,MAA,2026-04-18 13:14:41.703,2026-04-18 15:14:42.000,False,120.0,2026-04-18
AI018,AIR INDIA,BOM,CCU,2026-04-18 13:12:41.701,2026-04-18 18:04:41.701,False,292.0,2026-04-18
UK192,VISTARA,HYD,DEL,2026-04-18 12:54:41.703,2026-04-18 13:54:42.000,False,60.0,2026-04-18
SJ224,SPICEJET,DEL,MAA,2026-04-18 12:41:41.703,2026-04-18 15:33:41.703,False,172.0,2026-04-18
UK050,VISTARA,BOM,DEL,2026-04-18 12:39:41.701,2026-04-18 13:18:41.701,False,39.0,2026-04-18
SJ159,SPICEJET,CCU,DEL,2026-04-18 12:22:41.703,2026-04-18 14:05:41.703,False,103.0,2026-04-18
UK038,VISTARA,MAA,CCU,2026-04-18 12:22:41.701,2026-04-18 15:31:41.701,False,189.0,2026-04-18
6F192,INDIGO,CCU,BLR,2026-04-18 12:20:41.703,2026-04-18 16:45:41.703,False,265.0,2026-04-18
6F173,INDIGO,BOM,CCU,2026-04-18 12:19:41.703,2026-04-18 13:08:41.703,False,49.0,2026-04-18
AI185,AIR INDIA,CCU,BOM,2026-04-18 12:16:41.703,2026-04-18 16:18:41.703,False,242.0,2026-04-18
SJ152,SPICEJET,BOM,DEL,2026-04-18 12:09:41.702,2026-04-18 13:50:41.702,False,101.0,2026-04-18
AI215,AIR INDIA,BLR,DEL,2026-04-18 12:07:41.703,2026-04-18 13:43:41.703,False,96.0,2026-04-18
AI074,AIR INDIA,CCU,BOM,2026-04-18 12:03:41.702,2026-04-18 12:50:41.702,False,47.0,2026-04-18
6F109,INDIGO,BLR,BOM,2026-04-18 12:00:41.702,2026-04-18 12:51:41.702,False,51.0,2026-04-18
6F144,INDIGO,HYD,BOM,2026-04-18 11:56:41.702,2026-04-18 15:11:41.702,False,195.0,2026-04-18
6F210,INDIGO,HYD,DEL,2026-04-18 11:51:41.703,2026-04-18 15:58:41.703,False,247.0,2026-04-18
SJ111,SPICEJET,DEL,MAA,2026-04-18 11:47:41.702,2026-04-18 12:59:41.702,False,72.0,2026-04-18
UK092,VISTARA,MAA,BLR,2026-04-18 11:42:41.702,2026-04-18 13:17:41.702,False,95.0,2026-04-18
UK009,VISTARA,BOM,DEL,2026-04-18 11:34:41.701,2026-04-18 13:41:41.701,False,127.0,2026-04-18
AI170,AIR INDIA,HYD,DEL,2026-04-18 11:27:41.703,2026-04-18 15:50:41.703,False,263.0,2026-04-18
6F154,INDIGO,CCU,DEL,2026-04-18 11:26:41.703,2026-04-18 12:23:41.703,False,57.0,2026-04-18
6F161,INDIGO,MAA,DEL,2026-04-18 11:24:41.703,2026-04-18 12:21:41.703,False,57.0,2026-04-18
UK128,VISTARA,BOM,CCU,2026-04-18 11:22:41.702,2026-04-18 14:11:41.702,False,169.0,2026-04-18
AI186,AIR INDIA,DEL,BOM,2026-04-18 11:11:41.703,2026-04-18 13:05:41.703,False,114.0,2026-04-18
AI099,AIR INDIA,BLR,BOM,2026-04-18 11:07:41.702,2026-04-18 13:29:41.702,False,142.0,2026-04-18
6F203,INDIGO,BLR,HYD,2026-04-18 11:05:41.703,2026-04-18 12:56:41.703,False,111.0,2026-04-18
UK139,VISTARA,BLR,MAA,2026-04-18 10:54:41.703,2026-04-18 14:31:41.703,False,217.0,2026-04-18
SJ008,SPICEJET,HYD,BLR,2026-04-18 10:53:41.701,2026-04-18 15:48:41.701,False,295.0,2026-04-18
AI171,AIR INDIA,MAA,BLR,2026-04-18 10:51:41.703,2026-04-18 13:34:41.703,False,163.0,2026-04-18
6F124,INDIGO,BLR,BOM,2026-04-18 10:47:41.702,2026-04-18 15:21:41.702,False,274.0,2026-04-18
6F137,INDIGO,CCU,DEL,2026-04-18 10:45:41.702,2026-04-18 15:01:41.702,False,256.0,2026-04-18
AI008,AIR INDIA,BOM,CCU,2026-04-18 10:43:41.701,2026-04-18 12:43:42.000,False,120.0,2026-04-18
SJ140,SPICEJET,HYD,DEL,2026-04-18 10:42:41.702,2026-04-18 14:30:41.702,False,228.0,2026-04-18
UK016,VISTARA,DEL,CCU,2026-04-18 10:42:41.701,2026-04-18 11:22:41.701,False,40.0,2026-04-18
AI127,AIR INDIA,DEL,HYD,2026-04-18 10:37:41.702,2026-04-18 13:45:41.702,False,188.0,2026-04-18
SJ096,SPICEJET,DEL,HYD,2026-04-18 10:29:41.702,2026-04-18 13:45:41.702,False,196.0,2026-04-18
6F048,INDIGO,HYD,DEL,2026-04-18 10:27:41.701,2026-04-18 11:18:41.701,False,51.0,2026-04-18
SJ090,SPICEJET,HYD,MAA,2026-04-18 10:24:41.702,2026-04-18 13:11:41.702,False,167.0,2026-04-18
AI014,AIR INDIA,HYD,MAA,2026-04-18 10:24:41.701,2026-04-18 13:51:41.701,False,207.0,2026-04-18
6F131,INDIGO,BLR,HYD,2026-04-18 10:22:41.702,2026-04-18 14:20:41.702,False,238.0,2026-04-18
AI130,AIR INDIA,BOM,BLR,2026-04-18 10:18:41.702,2026-04-18 12:59:41.702,False,161.0,2026-04-18
UK151,VISTARA,BOM,CCU,2026-04-18 10:11:41.703,2026-04-18 13:30:41.703,False,199.0,2026-04-18
6F165,INDIGO,BLR,BOM,2026-04-18 10:11:41.703,2026-04-18 11:09:41.703,False,58.0,2026-04-18
UK161,VISTARA,BLR,BOM,2026-04-18 10:05:41.703,2026-04-18 12:48:41.703,False,163.0,2026-04-18
AI107,AIR INDIA,HYD,CCU,2026-04-18 10:03:41.702,2026-04-18 10:49:41.702,False,46.0,2026-04-18
SJ104,SPICEJET,HYD,DEL,2026-04-18 10:00:41.702,2026-04-18 11:00:42.000,False,60.0,2026-04-18
AI042,AIR INDIA,CCU,DEL,2026-04-18 09:53:41.701,2026-04-18 10:57:41.701,False,64.0,2026-04-18
6F266,INDIGO,CCU,MAA,2026-04-18 09:49:41.703,2026-04-18 11:17:41.703,False,88.0,2026-04-18
6F138,INDIGO,HYD,BLR,2026-04-18 09:49:41.702,2026-04-18 12:53:41.702,False,184.0,2026-04-18
SJ219,SPICEJET,BOM,DEL,2026-04-18 09:32:41.703,2026-04-18 14:09:41.703,False,277.0,2026-04-18
UK197,VISTARA,BLR,HYD,2026-04-18 09:22:41.703,2026-04-18 10:54:41.703,False,92.0,2026-04-18
6F119,INDIGO,DEL,BOM,2026-04-18 09:19:41.702,2026-04-18 11:33:41.702,False,134.0,2026-04-18
SJ058,SPICEJET,DEL,HYD,2026-04-18 08:58:41.701,2026-04-18 13:14:41.701,False,256.0,2026-04-18
AI218,AIR INDIA,BOM,CCU,2026-04-18 08:55:41.703,2026-04-18 11:55:41.703,False,180.0,2026-04-18
SJ060,SPICEJET,HYD,CCU,2026-04-18 08:51:41.701,2026-04-18 13:46:41.701,False,295.0,2026-04-18
UK121,VISTARA,BLR,BOM,2026-04-18 08:36:41.702,2026-04-18 12:36:41.702,False,240.0,2026-04-18
6F208,INDIGO,CCU,BOM,2026-04-18 08:27:41.703,2026-04-18 11:34:41.703,False,187.0,2026-04-18
6F153,INDIGO,CCU,BLR,2026-04-18 08:23:41.703,2026-04-18 12:20:41.703,False,237.0,2026-04-18
AI117,AIR INDIA,HYD,BLR,2026-04-18 08:18:41.702,2026-04-18 10:09:41.702,False,111.0,2026-04-18
SJ113,SPICEJET,BLR,BOM,2026-04-18 08:10:41.702,2026-04-18 10:10:42.000,False,120.0,2026-04-18
AI191,AIR INDIA,BLR,MAA,2026-04-18 07:57:41.703,2026-04-18 11:58:41.703,False,241.0,2026-04-18
6F267,INDIGO,DEL,MAA,2026-04-18 07:56:41.703,2026-04-18 11:49:41.703,False,233.0,2026-04-18
6F185,INDIGO,CCU,DEL,2026-04-18 07:49:41.703,2026-04-18 10:08:41.703,False,139.0,2026-04-18
AI114,AIR INDIA,CCU,DEL,2026-04-18 07:48:41.702,2026-04-18 09:03:41.702,False,75.0,2026-04-18
6F155,INDIGO,DEL,BLR,2026-04-18 07:47:41.703,2026-04-18 08:20:41.703,False,33.0,2026-04-18
UK045,VISTARA,MAA,HYD,2026-04-18 07:43:41.701,2026-04-18 09:28:41.701,False,105.0,2026-04-18
AI111,AIR INDIA,MAA,CCU,2026-04-18 07:40:41.702,2026-04-18 10:39:41.702,False,179.0,2026-04-18
AI156,AIR INDIA,CCU,BOM,2026-04-18 07:39:41.703,2026-04-18 09:22:41.703,False,103.0,2026-04-18
SJ128,SPICEJET,CCU,BLR,2026-04-18 07:39:41.702,2026-04-18 10:42:41.702,False,183.0,2026-04-18
AI104,AIR INDIA,MAA,HYD,2026-04-18 07:35:41.702,2026-04-18 09:20:41.702,False,105.0,2026-04-18
6F225,INDIGO,HYD,CCU,2026-04-18 07:33:41.704,2026-04-18 12:12:41.704,False,279.0,2026-04-18
6F033,INDIGO,DEL,HYD,2026-04-18 07:08:41.701,2026-04-18 09:08:41.701,False,120.0,2026-04-18
6F244,INDIGO,MAA,CCU,2026-04-18 07:07:41.704,2026-04-18 08:31:41.704,False,84.0,2026-04-18
UK137,VISTARA,BOM,MAA,2026-04-18 07:04:41.703,2026-04-18 09:14:41.703,False,130.0,2026-04-18
AI063,AIR INDIA,HYD,BLR,2026-04-18 07:03:41.701,2026-04-18 11:26:41.701,False,263.0,2026-04-18
SJ156,SPICEJET,BOM,DEL,2026-04-18 06:59:41.703,2026-04-18 07:34:41.703,False,35.0,2026-04-18
UK125,VISTARA,HYD,BOM,2026-04-18 06:58:41.702,2026-04-18 11:44:41.702,False,286.0,2026-04-18
AI232,AIR INDIA,DEL,BLR,2026-04-18 06:43:41.704,2026-04-18 10:13:41.704,False,210.0,2026-04-18
AI167,AIR INDIA,BLR,DEL,2026-04-18 06:43:41.703,2026-04-18 11:10:41.703,False,267.0,2026-04-18
UK160,VISTARA,BLR,BOM,2026-04-18 06:42:41.703,2026-04-18 10:58:41.703,False,256.0,2026-04-18
UK129,VISTARA,HYD,MAA,2026-04-18 06:29:41.702,2026-04-18 07:29:42.000,False,60.0,2026-04-18
SJ230,SPICEJET,BOM,CCU,2026-04-18 06:22:41.704,2026-04-18 10:57:41.704,False,275.0,2026-04-18
SJ056,SPICEJET,HYD,DEL,2026-04-18 06:11:41.701,2026-04-18 07:10:41.701,False,59.0,2026-04-18
SJ137,SPICEJET,CCU,DEL,2026-04-18 06:08:41.702,2026-04-18 10:14:41.702,False,246.0,2026-04-18
6F081,INDIGO,MAA,BLR,2026-04-18 06:04:41.702,2026-04-18 07:43:41.702,False,99.0,2026-04-18
6F088,INDIGO,CCU,BLR,2026-04-18 05:51:41.702,2026-04-18 08:22:41.702,False,151.0,2026-04-18
6F121,INDIGO,HYD,MAA,2026-04-18 05:44:41.702,2026-04-18 10:42:41.702,False,298.0,2026-04-18
UK214,VISTARA,HYD,DEL,2026-04-18 05:30:41.704,2026-04-18 09:10:41.704,False,220.0,2026-04-18
6F060,INDIGO,DEL,BLR,2026-04-18 05:29:41.701,2026-04-18 07:29:42.000,False,120.0,2026-04-18
SJ101,SPICEJET,CCU,DEL,2026-04-18 05:17:41.702,2026-04-18 06:57:41.702,False,100.0,2026-04-18
AI017,AIR INDIA,CCU,BOM,2026-04-18 05:15:41.701,2026-04-18 08:48:41.701,False,213.0,2026-04-18
6F120,INDIGO,BLR,BOM,2026-04-18 05:14:41.702,2026-04-18 06:14:41.702,False,60.0,2026-04-18
6F217,INDIGO,BLR,BOM,2026-04-18 05:13:41.704,2026-04-18 08:01:41.704,False,168.0,2026-04-18
AI194,AIR INDIA,MAA,BLR,2026-04-18 05:09:41.703,2026-04-18 09:38:41.703,False,269.0,2026-04-18
AI095,AIR INDIA,DEL,MAA,2026-04-18 05:00:41.702,2026-04-18 08:18:41.702,False,198.0,2026-04-18
SJ190,SPICEJET,BOM,CCU,2026-04-18 04:57:41.703,2026-04-18 09:25:41.703,False,268.0,2026-04-18
6F139,INDIGO,HYD,MAA,2026-04-18 04:55:41.702,2026-04-18 08:17:41.702,False,202.0,2026-04-18
6F062,INDIGO,CCU,DEL,2026-04-18 04:55:41.701,2026-04-18 06:22:41.701,False,87.0,2026-04-18
UK011,VISTARA,CCU,DEL,2026-04-18 04:41:41.701,2026-04-18 06:25:41.701,False,104.0,2026-04-18
6F100,INDIGO,BOM,BLR,2026-04-18 04:40:41.702,2026-04-18 07:49:41.702,False,189.0,2026-04-18
6F228,INDIGO,HYD,MAA,2026-04-18 04:36:41.704,2026-04-18 09:27:41.704,False,291.0,2026-04-18
UK033,VISTARA,HYD,DEL,2026-04-18 04:34:41.701,2026-04-18 09:18:41.701,False,284.0,2026-04-18
SJ231,SPICEJET,DEL,BLR,2026-04-18 04:23:41.704,2026-04-18 05:48:41.704,False,85.0,2026-04-18
AI166,AIR INDIA,BOM,CCU,2026-04-18 04:20:41.703,2026-04-18 07:23:41.703,False,183.0,2026-04-18
SJ176,SPICEJET,DEL,BOM,2026-04-18 04:15:41.703,2026-04-18 06:17:41.703,False,122.0,2026-04-18
SJ065,SPICEJET,MAA,BLR,2026-04-18 04:10:41.701,2026-04-18 06:54:41.701,False,164.0,2026-04-18
6F160,INDIGO,MAA,BLR,2026-04-18 04:09:41.703,2026-04-18 08:26:41.703,False,257.0,2026-04-18
AI089,AIR INDIA,CCU,BOM,2026-04-18 04:05:41.702,2026-04-18 04:47:41.702,False,42.0,2026-04-18
UK226,VISTARA,MAA,HYD,2026-04-18 03:58:41.704,2026-04-18 05:01:41.704,False,63.0,2026-04-18
SJ123,SPICEJET,BOM,CCU,2026-04-18 03:57:41.702,2026-04-18 05:25:41.702,False,88.0,2026-04-18
AI054,AIR INDIA,HYD,CCU,2026-04-18 03:44:41.701,2026-04-18 08:10:41.701,False,266.0,2026-04-18
UK019,VISTARA,BOM,HYD,2026-04-18 03:41:41.701,2026-04-18 04:35:41.701,False,54.0,2026-04-18
UK032,VISTARA,BLR,BOM,2026-04-18 03:31:41.701,2026-04-18 07:28:41.701,False,237.0,2026-04-18
SJ100,SPICEJET,MAA,BLR,2026-04-18 03:28:41.702,2026-04-18 06:50:41.702,False,202.0,2026-04-18
SJ094,SPICEJET,MAA,HYD,2026-04-18 03:23:41.702,2026-04-18 08:07:41.702,False,284.0,2026-04-18
6F101,INDIGO,BOM,MAA,2026-04-18 03:18:41.702,2026-04-18 08:15:41.702,False,297.0,2026-04-18
6F006,INDIGO,BOM,BLR,2026-04-18 03:06:41.701,2026-04-18 05:06:42.000,False,120.0,2026-04-18
AI006,AIR INDIA,BOM,BLR,2026-04-18 03:04:41.701,2026-04-18 05:54:41.701,False,170.0,2026-04-18
AI195,AIR INDIA,CCU,MAA,2026-04-18 02:58:41.703,2026-04-18 04:57:41.703,False,119.0,2026-04-18
UK072,VISTARA,BOM,BLR,2026-04-18 02:55:41.702,2026-04-18 05:55:42.000,False,180.0,2026-04-18
AI244,AIR INDIA,BLR,BOM,2026-04-18 02:50:41.704,2026-04-18 03:25:41.704,False,35.0,2026-04-18
SJ059,SPICEJET,CCU,DEL,2026-04-18 02:50:41.701,2026-04-18 04:06:41.701,False,76.0,2026-04-18
SJ009,SPICEJET,CCU,BLR,2026-04-18 02:48:41.701,2026-04-18 04:23:41.701,False,95.0,2026-04-18
AI121,AIR INDIA,HYD,MAA,2026-04-18 02:42:41.702,2026-04-18 06:11:41.702,False,209.0,2026-04-18
6F265,INDIGO,DEL,HYD,2026-04-18 02:27:41.703,2026-04-18 03:24:41.703,False,57.0,2026-04-18
6F110,INDIGO,HYD,DEL,2026-04-18 02:27:41.702,2026-04-18 05:48:41.702,False,201.0,2026-04-18
UK018,VISTARA,BOM,CCU,2026-04-18 02:15:41.701,2026-04-18 04:08:41.701,False,113.0,2026-04-18
6F072,INDIGO,BLR,CCU,2026-04-18 02:14:41.702,2026-04-18 03:11:41.702,False,57.0,2026-04-18
6F159,INDIGO,CCU,BOM,2026-04-18 02:08:41.703,2026-04-18 02:43:41.703,False,35.0,2026-04-18
6F095,INDIGO,BLR,MAA,2026-04-18 01:53:41.702,2026-04-18 05:34:41.702,False,221.0,2026-04-18
SJ129,SPICEJET,CCU,BOM,2026-04-18 01:48:41.702,2026-04-18 05:48:41.702,False,240.0,2026-04-18
UK039,VISTARA,HYD,BOM,2026-04-18 01:40:41.701,2026-04-18 02:53:41.701,False,73.0,2026-04-18
6F130,INDIGO,DEL,HYD,2026-04-18 01:27:41.702,2026-04-18 02:45:41.702,False,78.0,2026-04-18
6F247,INDIGO,DEL,HYD,2026-04-18 01:27:41.702,2026-04-18 02:45:41.702,False,78.0,2026-04-18
SJ233,SPICEJET,DEL,HYD,2026-04-18 01:18:41.704,2026-04-18 02:56:41.704,False,98.0,2026-04-18
6F231,INDIGO,HYD,MAA,2026-04-18 01:16:41.704,2026-04-18 05:43:41.704,False,267.0,2026-04-18
AI125,AIR INDIA,CCU,DEL,2026-04-18 01:12:41.702,2026-04-18 04:51:41.702,False,219.0,2026-04-18
6F102,INDIGO,HYD,MAA,2026-04-18 01:10:41.702,2026-04-18 02:24:41.702,False,74.0,2026-04-18
UK078,VISTARA,BOM,HYD,2026-04-18 01:03:41.702,2026-04-18 04:32:41.702,False,209.0,2026-04-18
UK043,VISTARA,DEL,HYD,2026-04-18 00:48:41.701,2026-04-18 04:52:41.701,False,244.0,2026-04-18
AI144,AIR INDIA,MAA,BOM,2026-04-18 00:43:41.702,2026-04-18 03:36:41.702,False,173.0,2026-04-18
UK054,VISTARA,BLR,BOM,2026-04-18 00:37:41.701,2026-04-18 05:30:41.701,False,293.0,2026-04-18
UK108,VISTARA,DEL,BLR,2026-04-18 00:28:41.702,2026-04-18 03:46:41.702,False,198.0,2026-04-18
6F008,INDIGO,DEL,BOM,2026-04-18 00:14:41.701,2026-04-18 04:59:41.701,False,285.0,2026-04-18
6F106,INDIGO,BOM,CCU,2026-04-18 00:10:41.702,2026-04-18 01:52:41.702,False,102.0,2026-04-18
AI203,AIR INDIA,BOM,CCU,2026-04-18 00:09:41.703,2026-04-18 02:56:41.703,False,167.0,2026-04-18
AI065,AIR INDIA,MAA,BLR,2026-04-18 00:09:41.701,2026-04-18 05:00:41.701,False,291.0,2026-04-18
UK053,VISTARA,BLR,BOM,2026-04-17 23:56:41.701,2026-04-18 02:46:41.701,True,170.0,2026-04-17
UK086,VISTARA,CCU,BLR,2026-04-17 23:55:41.702,2026-04-18 02:27:41.702,True,152.0,2026-04-17
SJ223,SPICEJET,HYD,MAA,2026-04-17 23:54:41.703,2026-04-18 01:08:41.703,True,74.0,2026-04-17
6F069,INDIGO,MAA,BLR,2026-04-17 23:44:41.701,2026-04-18 03:17:41.701,True,213.0,2026-04-17
6F032,INDIGO,DEL,BOM,2026-04-17 23:43:41.701,2026-04-18 02:22:41.701,True,159.0,2026-04-17
UK178,VISTARA,DEL,BLR,2026-04-17 23:41:41.703,2026-04-18 04:09:41.703,True,268.0,2026-04-17
6F108,INDIGO,DEL,HYD,2026-04-17 23:41:41.702,2026-04-18 03:23:41.702,True,222.0,2026-04-17
UK147,VISTARA,CCU,DEL,2026-04-17 23:35:41.703,2026-04-18 02:55:41.703,True,200.0,2026-04-17
AI187,AIR INDIA,BLR,HYD,2026-04-17 23:32:41.703,2026-04-18 01:16:41.703,True,104.0,2026-04-17
UK213,VISTARA,BOM,CCU,2026-04-17 23:21:41.704,2026-04-18 01:01:41.704,True,100.0,2026-04-17
AI035,AIR INDIA,DEL,MAA,2026-04-17 23:17:41.701,2026-04-18 00:48:41.701,True,91.0,2026-04-17
UK186,VISTARA,BOM,BLR,2026-04-17 23:05:41.703,2026-04-18 02:22:41.703,True,197.0,2026-04-17
6F045,INDIGO,BOM,HYD,2026-04-17 23:04:41.701,2026-04-18 03:38:41.701,True,274.0,2026-04-17
UK025,VISTARA,DEL,BOM,2026-04-17 22:55:41.701,2026-04-18 02:47:41.701,True,232.0,2026-04-17
UK162,VISTARA,BOM,CCU,2026-04-17 22:47:41.703,2026-04-18 00:21:41.703,True,94.0,2026-04-17
AI157,AIR INDIA,BLR,CCU,2026-04-17 22:45:41.703,2026-04-18 01:33:41.703,True,168.0,2026-04-17
6F096,INDIGO,MAA,BLR,2026-04-17 22:45:41.702,2026-04-18 02:58:41.702,True,253.0,2026-04-17
SJ229,SPICEJET,CCU,DEL,2026-04-17 22:25:41.704,2026-04-18 00:27:41.704,True,122.0,2026-04-17
AI214,AIR INDIA,CCU,DEL,2026-04-17 22:23:41.703,2026-04-18 02:49:41.703,True,266.0,2026-04-17
6F205,INDIGO,HYD,BOM,2026-04-17 22:16:41.703,2026-04-18 00:02:41.703,True,106.0,2026-04-17
SJ157,SPICEJET,DEL,HYD,2026-04-17 22:11:41.703,2026-04-18 01:05:41.703,True,174.0,2026-04-17
UK114,VISTARA,HYD,CCU,2026-04-17 22:10:41.702,2026-04-17 23:58:41.702,False,108.0,2026-04-17
6F054,INDIGO,HYD,BLR,2026-04-17 22:00:41.701,2026-04-18 01:25:41.701,True,205.0,2026-04-17
6F216,INDIGO,BLR,DEL,2026-04-17 21:58:41.704,2026-04-18 02:51:41.704,True,293.0,2026-04-17
AI231,AIR INDIA,DEL,HYD,2026-04-17 21:52:41.704,2026-04-17 23:51:41.704,False,119.0,2026-04-17
UK103,VISTARA,MAA,DEL,2026-04-17 21:52:41.702,2026-04-18 01:06:41.702,True,194.0,2026-04-17
AI066,AIR INDIA,HYD,MAA,2026-04-17 21:51:41.701,2026-04-18 00:11:41.701,True,140.0,2026-04-17
6F186,INDIGO,HYD,BOM,2026-04-17 21:48:41.703,2026-04-18 02:02:41.703,True,254.0,2026-04-17
AI021,AIR INDIA,DEL,HYD,2026-04-17 21:39:41.701,2026-04-18 01:38:41.701,True,239.0,2026-04-17
AI113,AIR INDIA,CCU,HYD,2026-04-17 21:21:41.702,2026-04-17 23:51:41.702,False,150.0,2026-04-17
SJ031,SPICEJET,DEL,BOM,2026-04-17 21:20:41.701,2026-04-17 22:29:41.701,False,69.0,2026-04-17
UK217,VISTARA,MAA,CCU,2026-04-17 21:19:41.704,2026-04-17 22:14:41.704,False,55.0,2026-04-17
SJ120,SPICEJET,MAA,BLR,2026-04-17 21:19:41.702,2026-04-18 00:56:41.702,True,217.0,2026-04-17
UK180,VISTARA,CCU,MAA,2026-04-17 21:18:41.703,2026-04-17 23:29:41.703,False,131.0,2026-04-17
6F242,INDIGO,BLR,MAA,2026-04-17 21:10:41.704,2026-04-18 01:04:41.704,True,234.0,2026-04-17
UK080,VISTARA,BLR,MAA,2026-04-17 21:09:41.702,2026-04-17 22:29:41.702,False,80.0,2026-04-17
SJ124,SPICEJET,HYD,DEL,2026-04-17 21:05:41.702,2026-04-18 01:12:41.702,True,247.0,2026-04-17
SJ115,SPICEJET,BOM,HYD,2026-04-17 21:05:41.702,2026-04-17 23:10:41.702,False,125.0,2026-04-17
AI081,AIR INDIA,CCU,BOM,2026-04-17 21:03:41.702,2026-04-17 22:51:41.702,False,108.0,2026-04-17
AI142,AIR INDIA,BOM,DEL,2026-04-17 20:49:41.702,2026-04-17 23:03:41.702,False,134.0,2026-04-17
UK052,VISTARA,BLR,CCU,2026-04-17 20:48:41.701,2026-04-17 21:40:41.701,False,52.0,2026-04-17
UK014,VISTARA,HYD,MAA,2026-04-17 20:41:41.701,2026-04-17 22:06:41.701,False,85.0,2026-04-17
AI230,AIR INDIA,CCU,BLR,2026-04-17 20:37:41.704,2026-04-18 00:22:41.704,True,225.0,2026-04-17
6F268,INDIGO,DEL,MAA,2026-04-17 20:29:41.701,2026-04-17 21:58:41.701,False,89.0,2026-04-17
AI124,AIR INDIA,CCU,HYD,2026-04-17 20:28:41.702,2026-04-18 00:00:41.702,True,212.0,2026-04-17
6F082,INDIGO,BOM,BLR,2026-04-17 20:26:41.702,2026-04-17 22:26:41.702,False,120.0,2026-04-17
SJ035,SPICEJET,CCU,DEL,2026-04-17 20:15:41.701,2026-04-17 21:15:42.000,False,60.0,2026-04-17
SJ095,SPICEJET,DEL,MAA,2026-04-17 20:09:41.702,2026-04-17 23:13:41.702,False,184.0,2026-04-17
UK230,VISTARA,BLR,BOM,2026-04-17 20:02:41.704,2026-04-17 21:35:41.704,False,93.0,2026-04-17
UK171,VISTARA,HYD,CCU,2026-04-17 19:59:41.703,2026-04-17 22:53:41.703,False,174.0,2026-04-17
6F147,INDIGO,HYD,MAA,2026-04-17 19:57:41.703,2026-04-18 00:31:41.703,True,274.0,2026-04-17
SJ212,SPICEJET,MAA,BLR,2026-04-17 19:49:41.703,2026-04-17 21:44:41.703,False,115.0,2026-04-17
6F080,INDIGO,HYD,MAA,2026-04-17 19:47:41.702,2026-04-17 23:13:41.702,False,206.0,2026-04-17
UK049,VISTARA,HYD,BOM,2026-04-17 19:47:41.701,2026-04-17 20:32:41.701,False,45.0,2026-04-17
AI152,AIR INDIA,BLR,CCU,2026-04-17 19:21:41.703,2026-04-17 20:26:41.703,False,65.0,2026-04-17
AI162,AIR INDIA,MAA,DEL,2026-04-17 19:20:41.703,2026-04-17 22:40:41.703,False,200.0,2026-04-17
SJ037,SPICEJET,BLR,BOM,2026-04-17 19:14:41.701,2026-04-17 22:31:41.701,False,197.0,2026-04-17
AI172,AIR INDIA,BOM,CCU,2026-04-17 19:08:41.703,2026-04-17 19:53:41.703,False,45.0,2026-04-17
UK205,VISTARA,HYD,MAA,2026-04-17 18:57:41.703,2026-04-17 21:46:41.703,False,169.0,2026-04-17
AI199,AIR INDIA,HYD,DEL,2026-04-17 18:47:41.703,2026-04-17 22:26:41.703,False,219.0,2026-04-17
6F241,INDIGO,DEL,HYD,2026-04-17 18:27:41.704,2026-04-17 19:02:41.704,False,35.0,2026-04-17
SJ041,SPICEJET,CCU,HYD,2026-04-17 18:24:41.701,2026-04-17 22:59:41.701,False,275.0,2026-04-17
AI064,AIR INDIA,BLR,MAA,2026-04-17 18:24:41.701,2026-04-17 20:07:41.701,False,103.0,2026-04-17
UK169,VISTARA,HYD,DEL,2026-04-17 18:12:41.703,2026-04-17 23:01:41.703,False,289.0,2026-04-17
UK144,VISTARA,BOM,CCU,2026-04-17 18:07:41.703,2026-04-17 20:59:41.703,False,172.0,2026-04-17
AI118,AIR INDIA,HYD,MAA,2026-04-17 17:50:41.702,2026-04-17 19:59:41.702,False,129.0,2026-04-17
SJ145,SPICEJET,BLR,HYD,2026-04-17 17:41:41.702,2026-04-17 20:38:41.702,False,177.0,2026-04-17
SJ077,SPICEJET,BLR,MAA,2026-04-17 17:32:41.701,2026-04-17 19:40:41.701,False,128.0,2026-04-17
AI126,AIR INDIA,MAA,HYD,2026-04-17 17:26:41.702,2026-04-17 20:48:41.702,False,202.0,2026-04-17
SJ033,SPICEJET,HYD,DEL,2026-04-17 17:26:41.701,2026-04-17 18:51:41.701,False,85.0,2026-04-17
SJ180,SPICEJET,HYD,CCU,2026-04-17 17:12:41.703,2026-04-17 22:00:41.703,False,288.0,2026-04-17
6F183,INDIGO,MAA,HYD,2026-04-17 17:08:41.703,2026-04-17 19:52:41.703,False,164.0,2026-04-17
AI145,AIR INDIA,DEL,BOM,2026-04-17 17:06:41.702,2026-04-17 21:31:41.702,False,265.0,2026-04-17
6F089,INDIGO,DEL,HYD,2026-04-17 17:06:41.702,2026-04-17 19:10:41.702,False,124.0,2026-04-17
6F207,INDIGO,BOM,HYD,2026-04-17 16:59:41.703,2026-04-17 21:00:41.703,False,241.0,2026-04-17
AI229,AIR INDIA,HYD,MAA,2026-04-17 16:48:41.703,2026-04-17 18:40:41.703,False,112.0,2026-04-17
6F223,INDIGO,MAA,BLR,2026-04-17 16:47:41.704,2026-04-17 17:21:41.704,False,34.0,2026-04-17
6F116,INDIGO,MAA,CCU,2026-04-17 16:43:41.702,2026-04-17 19:02:41.702,False,139.0,2026-04-17
SJ240,SPICEJET,BOM,HYD,2026-04-17 16:42:41.704,2026-04-17 20:21:41.704,False,219.0,2026-04-17
SJ184,SPICEJET,CCU,DEL,2026-04-17 16:32:41.703,2026-04-17 21:00:41.703,False,268.0,2026-04-17
AI087,AIR INDIA,MAA,DEL,2026-04-17 16:32:41.702,2026-04-17 20:30:41.702,False,238.0,2026-04-17
UK148,VISTARA,HYD,BOM,2026-04-17 16:31:41.703,2026-04-17 18:43:41.703,False,132.0,2026-04-17
AI210,AIR INDIA,BLR,BOM,2026-04-17 16:13:41.703,2026-04-17 18:50:41.703,False,157.0,2026-04-17
6F093,INDIGO,CCU,DEL,2026-04-17 16:09:41.702,2026-04-17 20:00:41.702,False,231.0,2026-04-17
SJ080,SPICEJET,CCU,MAA,2026-04-17 16:04:41.702,2026-04-17 17:59:41.702,False,115.0,2026-04-17
SJ005,SPICEJET,DEL,MAA,2026-04-17 16:03:41.701,2026-04-17 17:24:41.701,False,81.0,2026-04-17
6F040,INDIGO,HYD,CCU,2026-04-17 15:52:41.701,2026-04-17 20:33:41.701,False,281.0,2026-04-17
AI212,AIR INDIA,DEL,CCU,2026-04-17 15:31:41.703,2026-04-17 20:13:41.703,False,282.0,2026-04-17
AI154,AIR INDIA,HYD,MAA,2026-04-17 15:25:41.703,2026-04-17 19:16:41.703,False,231.0,2026-04-17
6F239,INDIGO,CCU,BOM,2026-04-17 15:24:41.704,2026-04-17 17:37:41.704,False,133.0,2026-04-17
UK199,VISTARA,BOM,CCU,2026-04-17 15:24:41.703,2026-04-17 18:55:41.703,False,211.0,2026-04-17
6F218,INDIGO,BLR,BOM,2026-04-17 15:16:41.704,2026-04-17 19:03:41.704,False,227.0,2026-04-17
6F011,INDIGO,MAA,BLR,2026-04-17 15:16:41.701,2026-04-17 17:16:42.000,False,120.0,2026-04-17
UK106,VISTARA,BOM,CCU,2026-04-17 15:12:41.702,2026-04-17 17:23:41.702,False,131.0,2026-04-17
UK030,VISTARA,CCU,DEL,2026-04-17 15:11:41.701,2026-04-17 19:38:41.701,False,267.0,2026-04-17
6F090,INDIGO,HYD,BLR,2026-04-17 15:10:41.702,2026-04-17 19:22:41.702,False,252.0,2026-04-17
AI184,AIR INDIA,BOM,CCU,2026-04-17 15:03:41.703,2026-04-17 17:03:42.000,False,120.0,2026-04-17
SJ232,SPICEJET,MAA,BLR,2026-04-17 15:02:41.704,2026-04-17 19:22:41.704,False,260.0,2026-04-17
AI153,AIR INDIA,BOM,CCU,2026-04-17 15:02:41.703,2026-04-17 16:30:41.703,False,88.0,2026-04-17
UK101,VISTARA,DEL,HYD,2026-04-17 15:00:41.702,2026-04-17 17:43:41.702,False,163.0,2026-04-17
6F200,INDIGO,HYD,DEL,2026-04-17 14:54:41.703,2026-04-17 19:41:41.703,False,287.0,2026-04-17
6F162,INDIGO,CCU,BOM,2026-04-17 14:50:41.703,2026-04-17 17:44:41.703,False,174.0,2026-04-17
SJ197,SPICEJET,HYD,BLR,2026-04-17 14:49:41.703,2026-04-17 17:33:41.703,False,164.0,2026-04-17
AI174,AIR INDIA,DEL,CCU,2026-04-17 14:45:41.703,2026-04-17 17:01:41.703,False,136.0,2026-04-17
UK090,VISTARA,HYD,MAA,2026-04-17 14:44:41.702,2026-04-17 17:24:41.702,False,160.0,2026-04-17
UK124,VISTARA,MAA,BLR,2026-04-17 14:35:41.702,2026-04-17 17:09:41.702,False,154.0,2026-04-17
AI239,AIR INDIA,BOM,HYD,2026-04-17 14:33:41.704,2026-04-17 17:47:41.704,False,194.0,2026-04-17
UK002,VISTARA,CCU,MAA,2026-04-17 14:28:41.700,2026-04-17 19:20:41.700,False,292.0,2026-04-17
SJ055,SPICEJET,HYD,MAA,2026-04-17 14:17:41.701,2026-04-17 17:56:41.701,False,219.0,2026-04-17
UK132,VISTARA,BOM,DEL,2026-04-17 14:12:41.702,2026-04-17 16:19:41.702,False,127.0,2026-04-17
6F002,INDIGO,BLR,MAA,2026-04-17 14:11:41.700,2026-04-17 17:34:41.700,False,203.0,2026-04-17
UK005,VISTARA,BOM,MAA,2026-04-17 14:02:41.701,2026-04-17 18:14:41.701,False,252.0,2026-04-17
6F258,INDIGO,BOM,DEL,2026-04-17 13:54:41.703,2026-04-17 16:49:41.703,False,175.0,2026-04-17
SJ244,SPICEJET,BLR,DEL,2026-04-17 13:51:41.704,2026-04-17 15:39:41.704,False,108.0,2026-04-17
AI075,AIR INDIA,CCU,DEL,2026-04-17 13:51:41.702,2026-04-17 16:49:41.702,False,178.0,2026-04-17
AI160,AIR INDIA,MAA,DEL,2026-04-17 13:41:41.703,2026-04-17 17:01:41.703,False,200.0,2026-04-17
UK091,VISTARA,CCU,BOM,2026-04-17 13:37:41.702,2026-04-17 17:31:41.702,False,234.0,2026-04-17
UK195,VISTARA,HYD,BOM,2026-04-17 13:35:41.703,2026-04-17 16:35:41.703,False,180.0,2026-04-17
6F044,INDIGO,DEL,HYD,2026-04-17 13:25:41.701,2026-04-17 17:36:41.701,False,251.0,2026-04-17
6F248,INDIGO,DEL,HYD,2026-04-17 13:25:41.701,2026-04-17 17:36:41.701,False,251.0,2026-04-17
6F204,INDIGO,DEL,CCU,2026-04-17 13:23:41.703,2026-04-17 16:04:41.703,False,161.0,2026-04-17
SJ092,SPICEJET,BLR,MAA,2026-04-17 13:19:41.702,2026-04-17 17:56:41.702,False,277.0,2026-04-17
AI119,AIR INDIA,MAA,BLR,2026-04-17 13:15:41.702,2026-04-17 15:57:41.702,False,162.0,2026-04-17
AI151,AIR INDIA,MAA,HYD,2026-04-17 13:14:41.703,2026-04-17 14:10:41.703,False,56.0,2026-04-17
UK107,VISTARA,HYD,BOM,2026-04-17 13:09:41.702,2026-04-17 14:25:41.702,False,76.0,2026-04-17
SJ019,SPICEJET,BLR,DEL,2026-04-17 13:07:41.701,2026-04-17 15:56:41.701,False,169.0,2026-04-17
AI052,AIR INDIA,CCU,MAA,2026-04-17 13:06:41.701,2026-04-17 15:42:41.701,False,156.0,2026-04-17
SJ177,SPICEJET,BOM,CCU,2026-04-17 13:04:41.703,2026-04-17 17:37:41.703,False,273.0,2026-04-17
6F215,INDIGO,DEL,BLR,2026-04-17 13:00:41.703,2026-04-17 17:30:41.703,False,270.0,2026-04-17
AI223,AIR INDIA,BOM,CCU,2026-04-17 12:53:41.703,2026-04-17 14:42:41.703,False,109.0,2026-04-17
SJ069,SPICEJET,HYD,BLR,2026-04-17 12:53:41.701,2026-04-17 14:17:41.701,False,84.0,2026-04-17
6F198,INDIGO,HYD,BLR,2026-04-17 12:40:41.703,2026-04-17 17:39:41.703,False,299.0,2026-04-17
AI093,AIR INDIA,BOM,BLR,2026-04-17 12:35:41.702,2026-04-17 17:28:41.702,False,293.0,2026-04-17
UK062,VISTARA,HYD,DEL,2026-04-17 12:33:41.701,2026-04-17 15:35:41.701,False,182.0,2026-04-17
6F057,INDIGO,MAA,DEL,2026-04-17 12:32:41.701,2026-04-17 15:50:41.701,False,198.0,2026-04-17
UK064,VISTARA,BOM,DEL,2026-04-17 12:25:41.701,2026-04-17 14:55:41.701,False,150.0,2026-04-17
